date,name,cost_group,gross
2026-07-17,ナノガラス脱毛パッド,白緑,91540
2026-07-17,ナノガラス脱毛パッド,黒桃,39800
2026-07-17,壁掛けディスペンサー,2本,5980
2026-07-17,壁掛けディスペンサー,3本,55840
2026-07-18,ナノガラス脱毛パッド,白緑,139300
2026-07-18,ナノガラス脱毛パッド,黒桃,35820
2026-07-18,壁掛けディスペンサー,3本,6980
2026-07-19,ナノガラス脱毛パッド,白緑,71640
2026-07-19,ナノガラス脱毛パッド,黒桃,51740
2026-07-19,壁掛けディスペンサー,3本,34900
2026-07-20,ナノガラス脱毛パッド,白緑,87560
2026-07-20,ナノガラス脱毛パッド,黒桃,35820
2026-07-20,壁掛けディスペンサー,3本,6980
2026-07-21,ナノガラス脱毛パッド,白緑,67660
2026-07-21,ナノガラス脱毛パッド,黒桃,27860
2026-07-21,壁掛けディスペンサー,2本,5980
2026-07-21,壁掛けディスペンサー,3本,6980
2026-07-22,ナノガラス脱毛パッド,白緑,107460
2026-07-22,ナノガラス脱毛パッド,黒桃,51740
2026-07-23,ナノガラス脱毛パッド,白緑,87560
2026-07-23,ナノガラス脱毛パッド,黒桃,39800
2026-07-23,壁掛けディスペンサー,2本,11960
2026-07-23,壁掛けディスペンサー,3本,6980
2026-07-24,ナノガラス脱毛パッド,白緑,67660
2026-07-24,ナノガラス脱毛パッド,黒桃,39800
2026-07-24,壁掛けディスペンサー,2本,5980
2026-07-24,壁掛けディスペンサー,3本,6980
2026-07-25,ナノガラス脱毛パッド,白緑,103480
2026-07-25,ナノガラス脱毛パッド,黒桃,59700
2026-07-25,壁掛けディスペンサー,3本,13960
2026-07-26,ナノガラス脱毛パッド,白緑,127360
2026-07-26,ナノガラス脱毛パッド,黒桃,79600
2026-07-26,壁掛けディスペンサー,2本,11960
2026-07-26,壁掛けディスペンサー,3本,6980
2026-07-27,ナノガラス脱毛パッド,白緑,99500
2026-07-27,ナノガラス脱毛パッド,黒桃,39800
2026-07-28,ナノガラス脱毛パッド,白緑,75620
2026-07-28,ナノガラス脱毛パッド,黒桃,47760
2026-07-28,壁掛けディスペンサー,2本,5980
2026-07-28,壁掛けディスペンサー,3本,6980
2026-07-29,ナノガラス脱毛パッド,白緑,131340
2026-07-29,ナノガラス脱毛パッド,黒桃,39800
2026-07-30,ナノガラス脱毛パッド,白緑,131340
2026-07-30,ナノガラス脱毛パッド,黒桃,47760
2026-07-30,壁掛けディスペンサー,3本,6980
2026-07-31,ナノガラス脱毛パッド,白緑,115420
2026-07-31,ナノガラス脱毛パッド,黒桃,59700
2026-07-31,壁掛けディスペンサー,3本,20940
2026-08-01,ナノガラス脱毛パッド,白緑,163180
2026-08-01,ナノガラス脱毛パッド,黒桃,55720
2026-08-01,壁掛けディスペンサー,3本,6980
2026-08-02,ナノガラス脱毛パッド,白緑,159200
2026-08-02,ナノガラス脱毛パッド,黒桃,83580
2026-08-03,ナノガラス脱毛パッド,白緑,147260
2026-08-03,ナノガラス脱毛パッド,黒桃,47760
2026-08-04,ナノガラス脱毛パッド,白緑,111440
2026-08-04,ナノガラス脱毛パッド,黒桃,51740
2026-08-05,ナノガラス脱毛パッド,白緑,119400
2026-08-05,ナノガラス脱毛パッド,黒桃,31840
2026-08-05,壁掛けディスペンサー,3本,6980
2026-08-06,ナノガラス脱毛パッド,白緑,143280
2026-08-06,ナノガラス脱毛パッド,黒桃,47760
2026-08-07,ナノガラス脱毛パッド,白緑,179100
2026-08-07,ナノガラス脱毛パッド,黒桃,83580
2026-08-08,ナノガラス脱毛パッド,白緑,135320
2026-08-08,ナノガラス脱毛パッド,黒桃,51740
2026-08-09,ナノガラス脱毛パッド,白緑,99500
2026-08-09,ナノガラス脱毛パッド,黒桃,87560
2026-08-09,壁掛けディスペンサー,3本,6980
2026-08-10,ナノガラス脱毛パッド,白緑,139300
2026-08-10,ナノガラス脱毛パッド,黒桃,39800
2026-08-11,ナノガラス脱毛パッド,白緑,191040
2026-08-11,ナノガラス脱毛パッド,黒桃,91540
2026-08-12,ナノガラス脱毛パッド,白緑,71640
2026-08-12,ナノガラス脱毛パッド,黒桃,43780
2026-08-13,ナノガラス脱毛パッド,白緑,83580
2026-08-13,ナノガラス脱毛パッド,黒桃,43780
2026-08-13,壁掛けディスペンサー,2本,11960
2026-08-14,ナノガラス脱毛パッド,白緑,119400
2026-08-14,ナノガラス脱毛パッド,黒桃,47760
2026-08-15,ナノガラス脱毛パッド,白緑,183080
2026-08-15,ナノガラス脱毛パッド,黒桃,39800
2026-08-16,ナノガラス脱毛パッド,白緑,139300
2026-08-16,ナノガラス脱毛パッド,黒桃,51740
2026-08-17,ナノガラス脱毛パッド,白緑,87560
2026-08-17,ナノガラス脱毛パッド,黒桃,43780
2026-08-18,ナノガラス脱毛パッド,白緑,59700
2026-08-18,ナノガラス脱毛パッド,黒桃,47760
2026-08-19,ナノガラス脱毛パッド,白緑,95520
2026-08-19,ナノガラス脱毛パッド,黒桃,47760
2026-08-20,ナノガラス脱毛パッド,白緑,67660
2026-08-20,ナノガラス脱毛パッド,黒桃,91540
2026-08-21,ナノガラス脱毛パッド,白緑,155220
2026-08-21,ナノガラス脱毛パッド,黒桃,47760
2026-08-22,ナノガラス脱毛パッド,白緑,127360
2026-08-22,ナノガラス脱毛パッド,黒桃,39800
2026-08-23,ナノガラス脱毛パッド,白緑,151240
2026-08-23,ナノガラス脱毛パッド,黒桃,47760
2026-08-24,ナノガラス脱毛パッド,白緑,103480
2026-08-24,ナノガラス脱毛パッド,黒桃,27860
2026-08-25,ナノガラス脱毛パッド,白緑,143280
2026-08-25,ナノガラス脱毛パッド,黒桃,27860
