date,campaign,cost
2026-06-29,UV歯ブラシ除菌器,11131
2026-06-29,カタログ全部（テスト）,28995
2026-06-29,ディスペンサー,20754
2026-06-29,ナノガラス脱毛パッド,47061
2026-06-29,バランスケアスリッパ,12051
2026-06-29,偏光・調光サングラス,21658
2026-06-29,健康サンダル,12289
2026-06-29,完全遮光・形状記憶・晴雨兼用・UV日傘,26782
2026-06-29,害虫ブロッカー,39190
2026-06-29,形状記憶日傘,57291
2026-06-29,接触冷感UVアームカバー,13012
2026-06-29,接触冷感UVパーカー,23706
2026-06-29,携帯電動シェーバー,12142
2026-06-29,湯上がりガーゼワンピース,12195
2026-06-29,3WAYサーキュレーター扇風機,12483
2026-06-29,4WAY 取り付けOK 小型瞬間冷却ハンディファン,45825
2026-06-30,UV歯ブラシ除菌器,10711
2026-06-30,カタログ全部（テスト）,27485
2026-06-30,ディスペンサー,19834
2026-06-30,ナノガラス脱毛パッド,45864
2026-06-30,バランスケアスリッパ,11620
2026-06-30,偏光・調光サングラス,20761
2026-06-30,健康サンダル,11600
2026-06-30,完全遮光・形状記憶・晴雨兼用・UV日傘,25567
2026-06-30,害虫ブロッカー,43777
2026-06-30,形状記憶日傘,54485
2026-06-30,接触冷感UVアームカバー,11275
2026-06-30,接触冷感UVパーカー,22938
2026-06-30,携帯電動シェーバー,12423
2026-06-30,湯上がりガーゼワンピース,11456
2026-06-30,3WAYサーキュレーター扇風機,11529
2026-06-30,4WAY 取り付けOK 小型瞬間冷却ハンディファン,43960
2026-07-01,UV歯ブラシ除菌器,12173
2026-07-01,カタログ全部（テスト）,35819
2026-07-01,ディスペンサー,22282
2026-07-01,ナノガラス脱毛パッド,55926
2026-07-01,バランスケアスリッパ,14795
2026-07-01,偏光・調光サングラス,25782
2026-07-01,健康サンダル,14555
2026-07-01,完全遮光・形状記憶・晴雨兼用・UV日傘,32692
2026-07-01,害虫ブロッカー,60897
2026-07-01,形状記憶日傘,68624
2026-07-01,接触冷感UVアームカバー,13457
2026-07-01,接触冷感UVパーカー,26888
2026-07-01,携帯電動シェーバー,13780
2026-07-01,湯上がりガーゼワンピース,14544
2026-07-01,3WAYサーキュレーター扇風機,14816
2026-07-01,4WAY 取り付けOK 小型瞬間冷却ハンディファン,51882
2026-07-02,UV歯ブラシ除菌器,11405
2026-07-02,カタログ全部（テスト）,28563
2026-07-02,ディスペンサー,21459
2026-07-02,ナノガラス脱毛パッド,47207
2026-07-02,バランスケアスリッパ,12784
2026-07-02,偏光・調光サングラス,23235
2026-07-02,健康サンダル,12189
2026-07-02,完全遮光・形状記憶・晴雨兼用・UV日傘,28075
2026-07-02,害虫ブロッカー,43440
2026-07-02,形状記憶日傘,59362
2026-07-02,接触冷感UVアームカバー,12878
2026-07-02,接触冷感UVパーカー,25514
2026-07-02,携帯電動シェーバー,12710
2026-07-02,湯上がりガーゼワンピース,12712
2026-07-02,3WAYサーキュレーター扇風機,12413
2026-07-02,4WAY 取り付けOK 小型瞬間冷却ハンディファン,42651
2026-07-03,UV歯ブラシ除菌器,12108
2026-07-03,カタログ全部（テスト）,27799
2026-07-03,ディスペンサー,22443
2026-07-03,ナノガラス脱毛パッド,49783
2026-07-03,バランスケアスリッパ,12988
2026-07-03,偏光・調光サングラス,21985
2026-07-03,健康サンダル,13082
2026-07-03,完全遮光・形状記憶・晴雨兼用・UV日傘,27851
2026-07-03,害虫ブロッカー,48278
2026-07-03,形状記憶日傘,58680
2026-07-03,接触冷感UVアームカバー,15580
2026-07-03,接触冷感UVパーカー,25541
2026-07-03,携帯電動シェーバー,12715
2026-07-03,湯上がりガーゼワンピース,12176
2026-07-03,3WAYサーキュレーター扇風機,11599
2026-07-03,4WAY 取り付けOK 小型瞬間冷却ハンディファン,42237
2026-07-04,UV歯ブラシ除菌器,10353
2026-07-04,カタログ全部（テスト）,27443
2026-07-04,ディスペンサー,22939
2026-07-04,ナノガラス脱毛パッド,51257
2026-07-04,バランスケアスリッパ,12645
2026-07-04,偏光・調光サングラス,17357
2026-07-04,健康サンダル,12778
2026-07-04,完全遮光・形状記憶・晴雨兼用・UV日傘,25485
2026-07-04,害虫ブロッカー,48962
2026-07-04,形状記憶日傘,55636
2026-07-04,接触冷感UVアームカバー,15852
2026-07-04,接触冷感UVパーカー,24159
2026-07-04,携帯電動シェーバー,12310
2026-07-04,湯上がりガーゼワンピース,12553
2026-07-04,3WAYサーキュレーター扇風機,9600
2026-07-04,4WAY 取り付けOK 小型瞬間冷却ハンディファン,36900
2026-07-05,UV歯ブラシ除菌器,12851
2026-07-05,カタログ全部（テスト）,35051
2026-07-05,ディスペンサー,24610
2026-07-05,ナノガラス脱毛パッド,55399
2026-07-05,バランスケアスリッパ,15103
2026-07-05,偏光・調光サングラス,25273
2026-07-05,健康サンダル,15478
2026-07-05,完全遮光・形状記憶・晴雨兼用・UV日傘,32337
2026-07-05,害虫ブロッカー,57757
2026-07-05,形状記憶日傘,69785
2026-07-05,接触冷感UVアームカバー,18602
2026-07-05,接触冷感UVパーカー,27556
2026-07-05,携帯電動シェーバー,14703
2026-07-05,湯上がりガーゼワンピース,14846
2026-07-05,3WAYサーキュレーター扇風機,11572
2026-07-05,4WAY 取り付けOK 小型瞬間冷却ハンディファン,55850
2026-07-06,UV歯ブラシ除菌器,11389
2026-07-06,カタログ全部（テスト）,28981
2026-07-06,ディスペンサー,20084
2026-07-06,ナノガラス脱毛パッド,44172
2026-07-06,バランスケアスリッパ,11868
2026-07-06,偏光・調光サングラス,20802
2026-07-06,健康サンダル,12385
2026-07-06,完全遮光・形状記憶・晴雨兼用・UV日傘,25487
2026-07-06,害虫ブロッカー,55086
2026-07-06,形状記憶日傘,56557
2026-07-06,接触冷感UVアームカバー,15098
2026-07-06,接触冷感UVパーカー,22877
2026-07-06,携帯電動シェーバー,11434
2026-07-06,湯上がりガーゼワンピース,13906
2026-07-06,3WAYサーキュレーター扇風機,9527
2026-07-06,4WAY 取り付けOK 小型瞬間冷却ハンディファン,44501
2026-07-07,UV歯ブラシ除菌器,12362
2026-07-07,カタログ全部（テスト）,27824
2026-07-07,ディスペンサー,19789
2026-07-07,ナノガラス脱毛パッド,45704
2026-07-07,バランスケアスリッパ,12673
2026-07-07,偏光・調光サングラス,21620
2026-07-07,健康サンダル,11512
2026-07-07,完全遮光・形状記憶・晴雨兼用・UV日傘,25702
2026-07-07,害虫ブロッカー,53515
2026-07-07,形状記憶日傘,54813
2026-07-07,接触冷感UVアームカバー,15537
2026-07-07,接触冷感UVパーカー,22147
2026-07-07,携帯電動シェーバー,13240
2026-07-07,湯上がりガーゼワンピース,12828
2026-07-07,3WAYサーキュレーター扇風機,9506
2026-07-07,4WAY 取り付けOK 小型瞬間冷却ハンディファン,41958
2026-07-08,UV歯ブラシ除菌器,12073
2026-07-08,カタログ全部（テスト）,31082
2026-07-08,ディスペンサー,20752
2026-07-08,ナノガラス脱毛パッド,46322
2026-07-08,バランスケアスリッパ,12631
2026-07-08,偏光・調光サングラス,21063
2026-07-08,健康サンダル,12512
2026-07-08,完全遮光・形状記憶・晴雨兼用・UV日傘,28149
2026-07-08,害虫ブロッカー,55775
2026-07-08,形状記憶日傘,59172
2026-07-08,接触冷感UVアームカバー,17055
2026-07-08,接触冷感UVパーカー,24162
2026-07-08,携帯電動シェーバー,13102
2026-07-08,湯上がりガーゼワンピース,11977
2026-07-08,3WAYサーキュレーター扇風機,9615
2026-07-08,4WAY 取り付けOK 小型瞬間冷却ハンディファン,47288
2026-07-09,UV歯ブラシ除菌器,12732
2026-07-09,カタログ全部（テスト）,29034
2026-07-09,ディスペンサー,20255
2026-07-09,ナノガラス脱毛パッド,48786
2026-07-09,バランスケアスリッパ,12443
2026-07-09,偏光・調光サングラス,22729
2026-07-09,健康サンダル,12583
2026-07-09,完全遮光・形状記憶・晴雨兼用・UV日傘,28825
2026-07-09,害虫ブロッカー,51720
2026-07-09,形状記憶日傘,60976
2026-07-09,接触冷感UVアームカバー,18314
2026-07-09,接触冷感UVパーカー,25691
2026-07-09,携帯電動シェーバー,12714
2026-07-09,湯上がりガーゼワンピース,11813
2026-07-09,3WAYサーキュレーター扇風機,10006
2026-07-09,4WAY 取り付けOK 小型瞬間冷却ハンディファン,45585
2026-07-10,UV歯ブラシ除菌器,14060
2026-07-10,カタログ全部（テスト）,29665
2026-07-10,ディスペンサー,19235
2026-07-10,ナノガラス脱毛パッド,52184
2026-07-10,バランスケアスリッパ,11443
2026-07-10,ムダ毛シェーバー,6174
2026-07-10,偏光・調光サングラス,21733
2026-07-10,健康サンダル,13116
2026-07-10,完全遮光・形状記憶・晴雨兼用・UV日傘,28396
2026-07-10,害虫ブロッカー,60433
2026-07-10,形状記憶日傘,60355
2026-07-10,接触冷感UVアームカバー,17357
2026-07-10,接触冷感UVパーカー,25696
2026-07-10,携帯電動シェーバー,12309
2026-07-10,湯上がりガーゼワンピース,12677
2026-07-10,瞬間冷感ポンチョ,4122
2026-07-10,3WAYサーキュレーター扇風機,9631
2026-07-10,4WAY 取り付けOK 小型瞬間冷却ハンディファン,45263
2026-07-11,UV歯ブラシ除菌器,15329
2026-07-11,カタログ全部（テスト）,27640
2026-07-11,ディスペンサー,17359
2026-07-11,ナノガラス脱毛パッド,57424
2026-07-11,バランスケアスリッパ,9136
2026-07-11,ムダ毛シェーバー,10961
2026-07-11,偏光・調光サングラス,20740
2026-07-11,健康サンダル,13392
2026-07-11,完全遮光・形状記憶・晴雨兼用・UV日傘,26980
2026-07-11,害虫ブロッカー,59526
2026-07-11,形状記憶日傘,58280
2026-07-11,接触冷感UVアームカバー,16825
2026-07-11,接触冷感UVパーカー,26715
2026-07-11,携帯電動シェーバー,13429
2026-07-11,湯上がりガーゼワンピース,12796
2026-07-11,瞬間冷感ポンチョ,8132
2026-07-11,3WAYサーキュレーター扇風機,9981
2026-07-11,4WAY 取り付けOK 小型瞬間冷却ハンディファン,45162
2026-07-12,UV歯ブラシ除菌器,14843
2026-07-12,カタログ全部（テスト）,35182
2026-07-12,ディスペンサー,18877
2026-07-12,ナノガラス脱毛パッド,54652
2026-07-12,バランスケアスリッパ,11167
2026-07-12,ムダ毛シェーバー,15002
2026-07-12,偏光・調光サングラス,25192
2026-07-12,健康サンダル,14828
2026-07-12,完全遮光・形状記憶・晴雨兼用・UV日傘,32779
2026-07-12,害虫ブロッカー,64540
2026-07-12,形状記憶日傘,69037
2026-07-12,接触冷感UVアームカバー,19224
2026-07-12,接触冷感UVパーカー,27873
2026-07-12,携帯電動シェーバー,15594
2026-07-12,湯上がりガーゼワンピース,14935
2026-07-12,瞬間冷感ポンチョ,12589
2026-07-12,3WAYサーキュレーター扇風機,11488
2026-07-12,4WAY 取り付けOK 小型瞬間冷却ハンディファン,62392
2026-07-13,UV歯ブラシ除菌器,11966
2026-07-13,カタログ全部（テスト）,29053
2026-07-13,ディスペンサー,17071
2026-07-13,ナノガラス脱毛パッド,45400
2026-07-13,バランスケアスリッパ,9666
2026-07-13,ムダ毛シェーバー,13215
2026-07-13,偏光・調光サングラス,21335
2026-07-13,健康サンダル,11419
2026-07-13,卓上冷感クーラー,8943
2026-07-13,完全遮光・形状記憶・晴雨兼用・UV日傘,26964
2026-07-13,害虫ブロッカー,54429
2026-07-13,形状記憶日傘,58287
2026-07-13,接触冷感UVアームカバー,15752
2026-07-13,接触冷感UVパーカー,23898
2026-07-13,携帯電動シェーバー,12819
2026-07-13,湯上がりガーゼワンピース,12745
2026-07-13,瞬間冷感ポンチョ,9539
2026-07-13,3WAYサーキュレーター扇風機,10696
2026-07-13,4WAY 取り付けOK 小型瞬間冷却ハンディファン,49406
2026-07-14,UV歯ブラシ除菌器,11772
2026-07-14,カタログ全部（テスト）,31452
2026-07-14,ディスペンサー,15647
2026-07-14,ナノガラス脱毛パッド,48646
2026-07-14,バランスケアスリッパ,10357
2026-07-14,ムダ毛シェーバー,14424
2026-07-14,偏光・調光サングラス,22435
2026-07-14,健康サンダル,12749
2026-07-14,卓上冷感クーラー,13353
2026-07-14,完全遮光・形状記憶・晴雨兼用・UV日傘,29412
2026-07-14,害虫ブロッカー,57566
2026-07-14,形状記憶日傘,63599
2026-07-14,接触冷感UVアームカバー,16270
2026-07-14,接触冷感UVパーカー,24303
2026-07-14,携帯電動シェーバー,12971
2026-07-14,湯上がりガーゼワンピース,12824
2026-07-14,瞬間冷感ポンチョ,13658
2026-07-14,3WAYサーキュレーター扇風機,10249
2026-07-14,4WAY 取り付けOK 小型瞬間冷却ハンディファン,47750
2026-07-15,UV歯ブラシ除菌器,12544
2026-07-15,カタログ全部（テスト）,29134
2026-07-15,ディスペンサー,15917
2026-07-15,ナノガラス脱毛パッド,47361
2026-07-15,バランスケアスリッパ,9840
2026-07-15,ムダ毛シェーバー,15104
2026-07-15,偏光・調光サングラス,23250
2026-07-15,健康サンダル,12800
2026-07-15,卓上冷感クーラー,12712
2026-07-15,完全遮光・形状記憶・晴雨兼用・UV日傘,27811
2026-07-15,害虫ブロッカー,55923
2026-07-15,形状記憶日傘,58889
2026-07-15,接触冷感UVアームカバー,17412
2026-07-15,接触冷感UVパーカー,23655
2026-07-15,携帯電動シェーバー,12867
2026-07-15,湯上がりガーゼワンピース,12682
2026-07-15,瞬間冷感ポンチョ,12083
2026-07-15,3WAYサーキュレーター扇風機,9915
2026-07-15,4WAY 取り付けOK 小型瞬間冷却ハンディファン,47459
2026-07-16,UV歯ブラシ除菌器,12865
2026-07-16,カタログ全部（テスト）,29977
2026-07-16,ディスペンサー,15816
2026-07-16,ナノガラス脱毛パッド,48337
2026-07-16,バランスケアスリッパ,9627
2026-07-16,ムダ毛シェーバー,15036
2026-07-16,偏光・調光サングラス,21580
2026-07-16,健康サンダル,12812
2026-07-16,卓上冷感クーラー,14547
2026-07-16,完全遮光・形状記憶・晴雨兼用・UV日傘,26392
2026-07-16,害虫ブロッカー,59774
2026-07-16,形状記憶日傘,56752
2026-07-16,接触冷感UVアームカバー,16332
2026-07-16,接触冷感UVパーカー,24629
2026-07-16,携帯電動シェーバー,12196
2026-07-16,湯上がりガーゼワンピース,11960
2026-07-16,瞬間冷感ポンチョ,11594
2026-07-16,3WAYサーキュレーター扇風機,9213
2026-07-16,4WAY 取り付けOK 小型瞬間冷却ハンディファン,52656
2026-07-17,UV歯ブラシ除菌器,13472
2026-07-17,カタログ全部（テスト）,28014
2026-07-17,ディスペンサー,16938
2026-07-17,ナノガラス脱毛パッド,49862
2026-07-17,バランスケアスリッパ,9728
2026-07-17,ムダ毛シェーバー,14548
2026-07-17,偏光・調光サングラス,20482
2026-07-17,健康サンダル,12742
2026-07-17,卓上冷感クーラー,15529
2026-07-17,完全遮光・形状記憶・晴雨兼用・UV日傘,25502
2026-07-17,害虫ブロッカー,62961
2026-07-17,形状記憶日傘,55221
2026-07-17,接触冷感UVアームカバー,16709
2026-07-17,接触冷感UVパーカー,23749
2026-07-17,携帯電動シェーバー,11891
2026-07-17,湯上がりガーゼワンピース,12640
2026-07-17,瞬間冷感ポンチョ,10661
2026-07-17,3WAYサーキュレーター扇風機,9067
2026-07-17,4WAY 取り付けOK 小型瞬間冷却ハンディファン,55543
2026-07-18,UV歯ブラシ除菌器,13227
2026-07-18,カタログ全部（テスト）,26556
2026-07-18,ディスペンサー,18188
2026-07-18,ナノガラス脱毛パッド,55730
2026-07-18,バランスケアスリッパ,9583
2026-07-18,ムダ毛シェーバー,13156
2026-07-18,偏光・調光サングラス,19699
2026-07-18,健康サンダル,13590
2026-07-18,卓上冷感クーラー,20189
2026-07-18,完全遮光・形状記憶・晴雨兼用・UV日傘,27032
2026-07-18,害虫ブロッカー,71800
2026-07-18,形状記憶日傘,58193
2026-07-18,接触冷感UVアームカバー,17233
2026-07-18,接触冷感UVパーカー,25886
2026-07-18,携帯電動シェーバー,11937
2026-07-18,湯上がりガーゼワンピース,12966
2026-07-18,瞬間冷感ポンチョ,14276
2026-07-18,3WAYサーキュレーター扇風機,11383
2026-07-18,4WAY 取り付けOK 小型瞬間冷却ハンディファン,62004
2026-07-19,UV歯ブラシ除菌器,13962
2026-07-19,カタログ全部（テスト）,26574
2026-07-19,ディスペンサー,16885
2026-07-19,ナノガラス脱毛パッド,51335
2026-07-19,バランスケアスリッパ,10117
2026-07-19,ムダ毛シェーバー,13431
2026-07-19,偏光・調光サングラス,23968
2026-07-19,健康サンダル,12589
2026-07-19,卓上冷感クーラー,22831
2026-07-19,完全遮光・形状記憶・晴雨兼用・UV日傘,32521
2026-07-19,害虫ブロッカー,66147
2026-07-19,形状記憶日傘,59536
2026-07-19,接触冷感UVアームカバー,17495
2026-07-19,接触冷感UVパーカー,30390
2026-07-19,携帯電動シェーバー,11628
2026-07-19,湯上がりガーゼワンピース,10721
2026-07-19,瞬間冷感ポンチョ,11147
2026-07-19,3WAYサーキュレーター扇風機,13585
2026-07-19,4WAY 取り付けOK 小型瞬間冷却ハンディファン,78297
2026-07-19,5WAY腰掛けファン,3063
2026-07-20,UV歯ブラシ除菌器,13240
2026-07-20,カタログ全部（テスト）,32555
2026-07-20,ディスペンサー,12747
2026-07-20,ナノガラス脱毛パッド,52161
2026-07-20,バランスケアスリッパ,10870
2026-07-20,ムダ毛シェーバー,16633
2026-07-20,偏光・調光サングラス,23478
2026-07-20,健康サンダル,12788
2026-07-20,卓上冷感クーラー,26150
2026-07-20,完全遮光・形状記憶・晴雨兼用・UV日傘,37290
2026-07-20,害虫ブロッカー,73902
2026-07-20,形状記憶日傘,67879
2026-07-20,接触冷感UVアームカバー,17859
2026-07-20,接触冷感UVパーカー,30790
2026-07-20,携帯電動シェーバー,11581
2026-07-20,湯上がりガーゼワンピース,7110
2026-07-20,瞬間冷感ポンチョ,14292
2026-07-20,3WAYサーキュレーター扇風機,14367
2026-07-20,4WAY 取り付けOK 小型瞬間冷却ハンディファン,81495
2026-07-20,5WAY腰掛けファン,12191
2026-07-21,UV歯ブラシ除菌器,12045
2026-07-21,カタログ全部（テスト）,30131
2026-07-21,ディスペンサー,11537
2026-07-21,ナノガラス脱毛パッド,46520
2026-07-21,バランスケアスリッパ,9568
2026-07-21,ムダ毛シェーバー,15448
2026-07-21,偏光・調光サングラス,23107
2026-07-21,健康サンダル,12231
2026-07-21,卓上冷感クーラー,23947
2026-07-21,完全遮光・形状記憶・晴雨兼用・UV日傘,34173
2026-07-21,害虫ブロッカー,70080
2026-07-21,形状記憶日傘,60756
2026-07-21,接触冷感UVアームカバー,16433
2026-07-21,接触冷感UVパーカー,26630
2026-07-21,携帯電動シェーバー,11970
2026-07-21,湯上がりガーゼワンピース,6747
2026-07-21,瞬間冷感ポンチョ,14150
2026-07-21,3WAYサーキュレーター扇風機,13073
2026-07-21,4WAY 取り付けOK 小型瞬間冷却ハンディファン,72953
2026-07-21,5WAY腰掛けファン,12036
2026-07-22,UV歯ブラシ除菌器,11569
2026-07-22,カタログ全部（テスト）,31574
2026-07-22,ディスペンサー,11412
2026-07-22,ナノガラス脱毛パッド,51122
2026-07-22,バランスケアスリッパ,7188
2026-07-22,ムダ毛シェーバー,11354
2026-07-22,偏光・調光サングラス,22086
2026-07-22,健康サンダル,13364
2026-07-22,卓上冷感クーラー,26909
2026-07-22,完全遮光・形状記憶・晴雨兼用・UV日傘,38183
2026-07-22,害虫ブロッカー,73017
2026-07-22,形状記憶日傘,63079
2026-07-22,接触冷感UVアームカバー,16952
2026-07-22,接触冷感UVパーカー,29756
2026-07-22,携帯電動シェーバー,10671
2026-07-22,湯上がりガーゼワンピース,6124
2026-07-22,瞬間冷感ポンチョ,13697
2026-07-22,3WAYサーキュレーター扇風機,14120
2026-07-22,4WAY 取り付けOK 小型瞬間冷却ハンディファン,77747
2026-07-22,5WAY腰掛けファン,12603
2026-07-23,UV歯ブラシ除菌器,11679
2026-07-23,カタログ全部（テスト）,31854
2026-07-23,ディスペンサー,12652
2026-07-23,ナノガラス脱毛パッド,55989
2026-07-23,バランスケアスリッパ,5243
2026-07-23,ムダ毛シェーバー,11120
2026-07-23,偏光・調光サングラス,21426
2026-07-23,健康サンダル,13286
2026-07-23,卓上冷感クーラー,28601
2026-07-23,完全遮光・形状記憶・晴雨兼用・UV日傘,40375
2026-07-23,害虫ブロッカー,71213
2026-07-23,形状記憶日傘,56820
2026-07-23,接触冷感UVアームカバー,16787
2026-07-23,接触冷感UVパーカー,32155
2026-07-23,携帯電動シェーバー,10528
2026-07-23,湯上がりガーゼワンピース,6162
2026-07-23,瞬間冷感ポンチョ,12462
2026-07-23,3WAYサーキュレーター扇風機,14619
2026-07-23,4WAY 取り付けOK 小型瞬間冷却ハンディファン,88951
2026-07-23,5WAY腰掛けファン,12675
2026-07-24,UV歯ブラシ除菌器,9767
2026-07-24,カタログ全部（テスト）,28711
2026-07-24,ディスペンサー,10842
2026-07-24,ナノガラス脱毛パッド,58163
2026-07-24,バランスケアスリッパ,5229
2026-07-24,ムダ毛シェーバー,11299
2026-07-24,偏光・調光サングラス,20406
2026-07-24,健康サンダル,13314
2026-07-24,卓上冷感クーラー,31453
2026-07-24,完全遮光・形状記憶・晴雨兼用・UV日傘,39901
2026-07-24,害虫ブロッカー,71782
2026-07-24,形状記憶日傘,57031
2026-07-24,接触冷感UVアームカバー,17226
2026-07-24,接触冷感UVパーカー,32445
2026-07-24,携帯電動シェーバー,10332
2026-07-24,湯上がりガーゼワンピース,6292
2026-07-24,瞬間冷感ポンチョ,11807
2026-07-24,3WAYサーキュレーター扇風機,15825
2026-07-24,4WAY 取り付けOK 小型瞬間冷却ハンディファン,83233
2026-07-24,5WAY腰掛けファン,11845
2026-07-25,UV歯ブラシ除菌器,8224
2026-07-25,カタログ全部（テスト）,27206
2026-07-25,ディスペンサー,11000
2026-07-25,ナノガラス脱毛パッド,61464
2026-07-25,バランスケアスリッパ,4118
2026-07-25,ムダ毛シェーバー,11442
2026-07-25,偏光・調光サングラス,19400
2026-07-25,健康サンダル,13335
2026-07-25,卓上冷感クーラー,35534
2026-07-25,完全遮光・形状記憶・晴雨兼用・UV日傘,37616
2026-07-25,害虫ブロッカー,77175
2026-07-25,形状記憶日傘,54694
2026-07-25,接触冷感UVアームカバー,16097
2026-07-25,接触冷感UVパーカー,34385
2026-07-25,携帯電動シェーバー,10087
2026-07-25,湯上がりガーゼワンピース,5379
2026-07-25,瞬間冷感ポンチョ,12959
2026-07-25,3WAYサーキュレーター扇風機,16363
2026-07-25,4WAY 取り付けOK 小型瞬間冷却ハンディファン,87372
2026-07-25,5WAY腰掛けファン,12036
2026-07-26,UV歯ブラシ除菌器,10280
2026-07-26,カタログ全部（テスト）,30911
2026-07-26,ディスペンサー,6427
2026-07-26,ナノガラス脱毛パッド,66773
2026-07-26,バランスケアスリッパ,5678
2026-07-26,ムダ毛シェーバー,16310
2026-07-26,偏光・調光サングラス,23818
2026-07-26,健康サンダル,14276
2026-07-26,卓上冷感クーラー,39100
2026-07-26,完全遮光・形状記憶・晴雨兼用・UV日傘,44117
2026-07-26,害虫ブロッカー,81491
2026-07-26,形状記憶日傘,63317
2026-07-26,接触冷感UVアームカバー,19102
2026-07-26,接触冷感UVパーカー,35267
2026-07-26,携帯電動シェーバー,12574
2026-07-26,湯上がりガーゼワンピース,4254
2026-07-26,瞬間冷感ポンチョ,13432
2026-07-26,3WAYサーキュレーター扇風機,16278
2026-07-26,4WAY 取り付けOK 小型瞬間冷却ハンディファン,108982
2026-07-26,5WAY腰掛けファン,14445
2026-07-27,UV歯ブラシ除菌器,9520
2026-07-27,カタログ全部（テスト）,28827
2026-07-27,ディスペンサー,6238
2026-07-27,ナノガラス脱毛パッド,63905
2026-07-27,バランスケアスリッパ,5045
2026-07-27,ムダ毛シェーバー,13724
2026-07-27,偏光・調光サングラス,22294
2026-07-27,健康サンダル,12767
2026-07-27,卓上冷感クーラー,30611
2026-07-27,完全遮光・形状記憶・晴雨兼用・UV日傘,38103
2026-07-27,害虫ブロッカー,88755
2026-07-27,形状記憶日傘,56084
2026-07-27,接触冷感UVアームカバー,16504
2026-07-27,接触冷感UVパーカー,32495
2026-07-27,携帯電動シェーバー,11018
2026-07-27,瞬間冷感ポンチョ,12697
2026-07-27,3WAYサーキュレーター扇風機,15720
2026-07-27,4WAY 取り付けOK 小型瞬間冷却ハンディファン,87916
2026-07-27,5WAY腰掛けファン,11699
2026-07-28,UV歯ブラシ除菌器,9702
2026-07-28,カタログ全部（テスト）,31440
2026-07-28,ディスペンサー,5361
2026-07-28,ナノガラス脱毛パッド,66560
2026-07-28,バランスケアスリッパ,4711
2026-07-28,ムダ毛シェーバー,10957
2026-07-28,偏光・調光サングラス,23086
2026-07-28,健康サンダル,11686
2026-07-28,卓上冷感クーラー,30334
2026-07-28,完全遮光・形状記憶・晴雨兼用・UV日傘,32882
2026-07-28,害虫ブロッカー,85161
2026-07-28,形状記憶日傘,56207
2026-07-28,接触冷感UVアームカバー,21470
2026-07-28,接触冷感UVパーカー,29369
2026-07-28,携帯電動シェーバー,13105
2026-07-28,瞬間冷感ポンチョ,12928
2026-07-28,3WAYサーキュレーター扇風機,15589
2026-07-28,4WAY 取り付けOK 小型瞬間冷却ハンディファン,79506
2026-07-28,5WAY腰掛けファン,18135
2026-07-29,UV歯ブラシ除菌器,9241
2026-07-29,カタログ全部（テスト）,27251
2026-07-29,ディスペンサー,5755
2026-07-29,ナノガラス脱毛パッド,69148
2026-07-29,バランスケアスリッパ,4600
2026-07-29,ムダ毛シェーバー,12740
2026-07-29,偏光・調光サングラス,20081
2026-07-29,健康サンダル,13140
2026-07-29,卓上冷感クーラー,28543
2026-07-29,完全遮光・形状記憶・晴雨兼用・UV日傘,33300
2026-07-29,害虫ブロッカー,78669
2026-07-29,形状記憶日傘,62160
2026-07-29,接触冷感UVアームカバー,18528
2026-07-29,接触冷感UVパーカー,30910
2026-07-29,携帯電動シェーバー,10959
2026-07-29,瞬間冷感ポンチョ,14352
2026-07-29,3WAYサーキュレーター扇風機,14614
2026-07-29,4WAY 取り付けOK 小型瞬間冷却ハンディファン,98206
2026-07-29,5WAY腰掛けファン,13932
2026-07-30,4WAY 取り付けOK 小型瞬間冷却ハンディファン,87587
2026-07-30,ナノガラス脱毛パッド,71968
2026-07-30,害虫ブロッカー,65486
2026-07-30,形状記憶日傘,60650
2026-07-30,接触冷感UVパーカー,35293
2026-07-30,完全遮光・形状記憶・晴雨兼用・UV日傘,35181
2026-07-30,カタログ全部（テスト）,29971
2026-07-30,卓上冷感クーラー,29107
2026-07-30,偏光・調光サングラス,22591
2026-07-30,3WAYサーキュレーター扇風機,17177
2026-07-30,5WAY腰掛けファン,15861
2026-07-30,接触冷感UVアームカバー,13847
2026-07-30,健康サンダル,13381
2026-07-30,瞬間冷感ポンチョ,12929
2026-07-30,ムダ毛シェーバー,12214
2026-07-30,UV歯ブラシ除菌器,11101
2026-07-30,携帯電動シェーバー,9342
2026-07-30,ディスペンサー,6225
2026-07-30,バランスケアスリッパ,5264
2026-07-30,湯上がりガーゼワンピース,0
2026-07-31,4WAY 取り付けOK 小型瞬間冷却ハンディファン,56299
2026-07-31,害虫ブロッカー,67025
2026-07-31,ナノガラス脱毛パッド,70434
2026-07-31,形状記憶日傘,56857
2026-07-31,完全遮光・形状記憶・晴雨兼用・UV日傘,31043
2026-07-31,接触冷感UVパーカー,29148
2026-07-31,カタログ全部（テスト）,27799
2026-07-31,卓上冷感クーラー,21748
2026-07-31,偏光・調光サングラス,20206
2026-07-31,接触冷感UVアームカバー,18515
2026-07-31,5WAY腰掛けファン,18293
2026-07-31,3WAYサーキュレーター扇風機,15069
2026-07-31,ムダ毛シェーバー,14031
2026-07-31,瞬間冷感ポンチョ,12379
2026-07-31,健康サンダル,11887
2026-07-31,携帯電動シェーバー,10692
2026-07-31,UV歯ブラシ除菌器,9890
2026-07-31,ディスペンサー,5757
2026-07-31,バランスケアスリッパ,4884
2026-07-31,完全遮光・接触冷感UVハット,3190
2026-08-01,4WAY 取り付けOK 小型瞬間冷却ハンディファン,72458
2026-08-01,ナノガラス脱毛パッド,76071
2026-08-01,形状記憶日傘,64505
2026-08-01,害虫ブロッカー,62270
2026-08-01,接触冷感UVパーカー,36958
2026-08-01,完全遮光・形状記憶・晴雨兼用・UV日傘,36902
2026-08-01,カタログ全部（テスト）,32907
2026-08-01,偏光・調光サングラス,21864
2026-08-01,卓上冷感クーラー,21878
2026-08-01,接触冷感UVアームカバー,20363
2026-08-01,5WAY腰掛けファン,17396
2026-08-01,3WAYサーキュレーター扇風機,17231
2026-08-01,ムダ毛シェーバー,14695
2026-08-01,健康サンダル,13752
2026-08-01,瞬間冷感ポンチョ,11854
2026-08-01,UV歯ブラシ除菌器,10040
2026-08-01,携帯電動シェーバー,9151
2026-08-01,完全遮光・接触冷感UVハット,6826
2026-08-01,ディスペンサー,6065
2026-08-01,バランスケアスリッパ,4767
2026-08-01,W固定スマホ車載ホルダー,2363
2026-08-02,4WAY 取り付けOK 小型瞬間冷却ハンディファン,75850
2026-08-02,ナノガラス脱毛パッド,82155
2026-08-02,形状記憶日傘,57951
2026-08-02,害虫ブロッカー,56468
2026-08-02,完全遮光・形状記憶・晴雨兼用・UV日傘,34976
2026-08-02,接触冷感UVパーカー,33949
2026-08-02,カタログ全部（テスト）,31912
2026-08-02,卓上冷感クーラー,25887
2026-08-02,偏光・調光サングラス,23263
2026-08-02,5WAY腰掛けファン,19851
2026-08-02,接触冷感UVアームカバー,18499
2026-08-02,ムダ毛シェーバー,17412
2026-08-02,3WAYサーキュレーター扇風機,17266
2026-08-02,瞬間冷感ポンチョ,14556
2026-08-02,健康サンダル,14145
2026-08-02,UV歯ブラシ除菌器,12182
2026-08-02,携帯電動シェーバー,11876
2026-08-02,W固定スマホ車載ホルダー,9546
2026-08-02,完全遮光・接触冷感UVハット,7047
2026-08-02,バランスケアスリッパ,5683
2026-08-02,ディスペンサー,4145
2026-08-03,UV歯ブラシ除菌器,10063
2026-08-03,W固定スマホ車載ホルダー,10521
2026-08-03,カタログ全部（テスト）,26172
2026-08-03,ナノガラス脱毛パッド,73011
2026-08-03,バランスケアスリッパ,4454
2026-08-03,ムダ毛シェーバー,17785
2026-08-03,偏光・調光サングラス,17291
2026-08-03,健康サンダル,11597
2026-08-03,卓上冷感クーラー,20751
2026-08-03,完全遮光・形状記憶・晴雨兼用・UV日傘,29255
2026-08-03,完全遮光・接触冷感UVハット,6757
2026-08-03,害虫ブロッカー,52756
2026-08-03,形状記憶日傘,54778
2026-08-03,接触冷感UVアームカバー,14851
2026-08-03,接触冷感UVパーカー,32833
2026-08-03,携帯電動シェーバー,9099
2026-08-03,瞬間冷感ポンチョ,11127
2026-08-03,3WAYサーキュレーター扇風機,14109
2026-08-03,4WAY 取り付けOK 小型瞬間冷却ハンディファン,56209
2026-08-03,5WAY腰掛けファン,18447
2026-08-04,UV歯ブラシ除菌器,3366
2026-08-04,W固定スマホ車載ホルダー,11079
2026-08-04,カタログ全部（テスト）,28413
2026-08-04,ナノガラス脱毛パッド,75432
2026-08-04,バランスケアスリッパ,4667
2026-08-04,ムダ毛シェーバー,18415
2026-08-04,偏光・調光サングラス,23008
2026-08-04,健康サンダル,12426
2026-08-04,卓上冷感クーラー,24734
2026-08-04,姿勢サポートチェア,11237
2026-08-04,完全遮光・形状記憶・晴雨兼用・UV日傘,33892
2026-08-04,完全遮光・接触冷感UVハット,7682
2026-08-04,害虫ブロッカー,58526
2026-08-04,形状記憶日傘,60577
2026-08-04,接触冷感UVアームカバー,15411
2026-08-04,接触冷感UVパーカー,32008
2026-08-04,携帯電動シェーバー,10147
2026-08-04,瞬間冷感ポンチョ,10375
2026-08-04,3WAYサーキュレーター扇風機,16706
2026-08-04,4WAY 取り付けOK 小型瞬間冷却ハンディファン,68806
2026-08-04,5WAY腰掛けファン,21627
2026-08-05,W固定スマホ車載ホルダー,12859
2026-08-05,カタログ全部（テスト）,22254
2026-08-05,ナノガラス脱毛パッド,74658
2026-08-05,バランスケアスリッパ,4434
2026-08-05,ムダ毛シェーバー,20275
2026-08-05,偏光・調光サングラス,20209
2026-08-05,健康サンダル,12703
2026-08-05,卓上冷感クーラー,20008
2026-08-05,姿勢サポートチェア,13605
2026-08-05,完全遮光・形状記憶・晴雨兼用・UV日傘,30526
2026-08-05,完全遮光・接触冷感UVハット,9142
2026-08-05,害虫ブロッカー,49484
2026-08-05,形状記憶日傘,33584
2026-08-05,接触冷感UVアームカバー,16030
2026-08-05,接触冷感UVパーカー,29654
2026-08-05,携帯電動シェーバー,11222
2026-08-05,瞬間冷感ポンチョ,9230
2026-08-05,3WAYサーキュレーター扇風機,13402
2026-08-05,4WAY 取り付けOK 小型瞬間冷却ハンディファン,58237
2026-08-05,5WAY腰掛けファン,14739
2026-08-06,ナノガラス脱毛パッド,79643
2026-08-06,4WAY 取り付けOK 小型瞬間冷却ハンディファン,46236
2026-08-06,害虫ブロッカー,39261
2026-08-06,形状記憶日傘,36387
2026-08-06,完全遮光・形状記憶・晴雨兼用・UV日傘,29978
2026-08-06,接触冷感UVパーカー,29805
2026-08-06,偏光・調光サングラス,24216
2026-08-06,カタログ全部（テスト）,21186
2026-08-06,ムダ毛シェーバー,18689
2026-08-06,W固定スマホ車載ホルダー,17380
2026-08-06,5WAY腰掛けファン,15324
2026-08-06,接触冷感UVアームカバー,13933
2026-08-06,卓上冷感クーラー,12422
2026-08-06,携帯電動シェーバー,10242
2026-08-06,姿勢サポートチェア,9029
2026-08-06,瞬間冷感ポンチョ,8559
2026-08-06,完全遮光・接触冷感UVハット,6726
2026-08-06,2WAYシートボックス,6413
2026-08-06,バランスケアスリッパ,5752
2026-08-06,3WAYサーキュレーター扇風機,5602
2026-08-06,健康サンダル,4818
2026-08-07,ナノガラス脱毛パッド,82785
2026-08-07,害虫ブロッカー,38245
2026-08-07,4WAY 取り付けOK 小型瞬間冷却ハンディファン,35635
2026-08-07,形状記憶日傘,30188
2026-08-07,接触冷感UVパーカー,25171
2026-08-07,完全遮光・形状記憶・晴雨兼用・UV日傘,23938
2026-08-07,カタログ全部（テスト）,21887
2026-08-07,偏光・調光サングラス,21236
2026-08-07,W固定スマホ車載ホルダー,21045
2026-08-07,ムダ毛シェーバー,17959
2026-08-07,5WAY腰掛けファン,14915
2026-08-07,2WAYシートボックス,10809
2026-08-07,完全遮光・接触冷感UVハット,9499
2026-08-07,姿勢サポートチェア,8262
2026-08-07,接触冷感UVアームカバー,8147
2026-08-07,瞬間冷感ポンチョ,7967
2026-08-07,携帯電動シェーバー,7172
2026-08-07,卓上冷感クーラー,6899
2026-08-07,バランスケアスリッパ,4584
2026-08-08,ナノガラス脱毛パッド,89012
2026-08-08,害虫ブロッカー,54469
2026-08-08,形状記憶日傘,37099
2026-08-08,4WAY 取り付けOK 小型瞬間冷却ハンディファン,36420
2026-08-08,接触冷感UVパーカー,31597
2026-08-08,完全遮光・形状記憶・晴雨兼用・UV日傘,27846
2026-08-08,ムダ毛シェーバー,25006
2026-08-08,偏光・調光サングラス,24673
2026-08-08,カタログ全部（テスト）,23014
2026-08-08,W固定スマホ車載ホルダー,19089
2026-08-08,5WAY腰掛けファン,17367
2026-08-08,2WAYシートボックス,10949
2026-08-08,姿勢サポートチェア,10686
2026-08-08,瞬間冷感ポンチョ,9396
2026-08-08,完全遮光・接触冷感UVハット,8976
2026-08-08,携帯電動シェーバー,8413
2026-08-08,卓上冷感クーラー,7385
2026-08-08,接触冷感UVアームカバー,7175
2026-08-08,バランスケアスリッパ,5372
2026-08-09,ナノガラス脱毛パッド,86183
2026-08-09,害虫ブロッカー,49554
2026-08-09,4WAY 取り付けOK 小型瞬間冷却ハンディファン,38761
2026-08-09,形状記憶日傘,35704
2026-08-09,接触冷感UVパーカー,31978
2026-08-09,完全遮光・形状記憶・晴雨兼用・UV日傘,31112
2026-08-09,W固定スマホ車載ホルダー,29199
2026-08-09,偏光・調光サングラス,24412
2026-08-09,カタログ全部（テスト）,24064
2026-08-09,ムダ毛シェーバー,20316
2026-08-09,2WAYシートボックス,19549
2026-08-09,5WAY腰掛けファン,16600
2026-08-09,姿勢サポートチェア,12172
2026-08-09,携帯電動シェーバー,9699
2026-08-09,瞬間冷感ポンチョ,9537
2026-08-09,完全遮光・接触冷感UVハット,9383
2026-08-09,接触冷感UVアームカバー,9333
2026-08-09,卓上冷感クーラー,8067
2026-08-09,バランスケアスリッパ,6467
2026-08-10,ナノガラス脱毛パッド,69232
2026-08-10,害虫ブロッカー,45470
2026-08-10,W固定スマホ車載ホルダー,34926
2026-08-10,形状記憶日傘,30819
2026-08-10,4WAY 取り付けOK 小型瞬間冷却ハンディファン,27969
2026-08-10,接触冷感UVパーカー,26442
2026-08-10,カタログ全部（テスト）,21024
2026-08-10,ムダ毛シェーバー,19551
2026-08-10,完全遮光・形状記憶・晴雨兼用・UV日傘,18942
2026-08-10,偏光・調光サングラス,18535
2026-08-10,5WAY腰掛けファン,14273
2026-08-10,完全遮光・接触冷感UVハット,12571
2026-08-10,2WAYシートボックス,12340
2026-08-10,姿勢サポートチェア,8687
2026-08-10,携帯電動シェーバー,8082
2026-08-10,瞬間冷感ポンチョ,7721
2026-08-10,接触冷感UVアームカバー,7338
2026-08-10,卓上冷感クーラー,7128
2026-08-10,バランスケアスリッパ,4513
2026-08-11,ナノガラス脱毛パッド,87103
2026-08-11,害虫ブロッカー,46306
2026-08-11,形状記憶日傘,40639
2026-08-11,接触冷感UVパーカー,35250
2026-08-11,W固定スマホ車載ホルダー,31789
2026-08-11,カタログ全部（テスト）,26610
2026-08-11,4WAY 取り付けOK 小型瞬間冷却ハンディファン,23035
2026-08-11,ムダ毛シェーバー,22278
2026-08-11,完全遮光・形状記憶・晴雨兼用・UV日傘,19789
2026-08-11,偏光・調光サングラス,19303
2026-08-11,5WAY腰掛けファン,15642
2026-08-11,2WAYシートボックス,13034
2026-08-11,完全遮光・接触冷感UVハット,12933
2026-08-11,姿勢サポートチェア,11368
2026-08-11,接触冷感UVアームカバー,9040
2026-08-11,卓上冷感クーラー,7780
2026-08-11,携帯電動シェーバー,5743
2026-08-11,バランスケアスリッパ,4428
2026-08-11,瞬間冷感ポンチョ,3776
2026-08-11,快適マジックインソール,2766
2026-08-12,ナノガラス脱毛パッド,74227
2026-08-12,害虫ブロッカー,37633
2026-08-12,W固定スマホ車載ホルダー,37285
2026-08-12,形状記憶日傘,29491
2026-08-12,接触冷感UVパーカー,24128
2026-08-12,カタログ全部（テスト）,20393
2026-08-12,4WAY 取り付けOK 小型瞬間冷却ハンディファン,17400
2026-08-12,ムダ毛シェーバー,16722
2026-08-12,偏光・調光サングラス,15620
2026-08-12,5WAY腰掛けファン,14044
2026-08-12,完全遮光・形状記憶・晴雨兼用・UV日傘,13260
2026-08-12,2WAYシートボックス,12475
2026-08-12,快適マジックインソール,10150
2026-08-12,完全遮光・接触冷感UVハット,9851
2026-08-12,姿勢サポートチェア,8933
2026-08-12,接触冷感UVアームカバー,6952
2026-08-12,卓上冷感クーラー,5134
2026-08-12,バランスケアスリッパ,4256
2026-08-12,携帯電動シェーバー,3951
