date,orders,ge8000,ge10000
2026-09-04,74,3,2
2026-09-05,106,4,1
2026-09-06,122,3,3
2026-09-07,96,1,1
2026-09-08,95,6,4
2026-09-09,98,5,4
2026-09-10,116,5,5
2026-09-11,96,6,6
2026-09-12,117,4,2
2026-09-13,140,2,2
2026-09-14,102,5,4
2026-09-15,103,4,4
2026-09-16,99,1,1
2026-09-17,100,4,4
2026-09-18,96,7,2
2026-09-19,122,8,5
2026-09-20,135,8,5
2026-09-21,150,11,7
2026-09-22,117,10,8
2026-09-23,128,10,4
2026-09-24,107,3,2
2026-09-25,102,3,1
2026-09-26,142,5,3
2026-09-27,156,12,4
2026-09-28,117,6,3
2026-09-29,96,11,7
2026-09-30,110,6,3
2026-10-01,141,7,4
2026-10-02,113,6,5
2026-10-03,111,11,9
2026-10-04,129,13,6
2026-10-05,102,8,6
2026-10-06,124,9,5
2026-10-07,100,8,4
2026-10-08,92,4,2
