date,name,gross,disc
2026-06-29,接触冷感UVパーカー,75620,796
2026-06-29,優先配送,4288,0
2026-06-29,接触冷感UVアームカバー,23880,796
2026-06-29,害虫ブロッカー,250740,25472
2026-06-29,3WAYサーキュレーター,23920,2392
2026-06-29,偏光・調光サングラス,39800,796
2026-06-29,ナノガラス脱毛パッド,183080,1592
2026-06-29,健康サンダル,24900,0
2026-06-29,ナノバブルシャワーヘッド,13960,0
2026-06-29,壁掛けディスペンサー,56820,2691
2026-06-29,完全遮光・形状記憶,84660,996
2026-06-29,形状記憶日傘,214140,4482
2026-06-29,携帯電動シェーバー,19920,0
2026-06-29,UV歯ブラシ除菌器,26940,0
2026-06-29,バランスケアスリッパ,24900,0
2026-06-29,リカバリーサンダル,3980,0
2026-06-29,湯上がりガーゼワンピース,29880,996
2026-06-29,4WAY,164340,10209
2026-06-30,UV歯ブラシ除菌器,26940,0
2026-06-30,害虫ブロッカー,222880,18109
2026-06-30,完全遮光・形状記憶,74700,1992
2026-06-30,ナノバブルシャワーヘッド,6980,0
2026-06-30,完全遮光・接触冷感UVハット,5980,0
2026-06-30,4WAY,84660,1992
2026-06-30,接触冷感UVパーカー,99500,4975
2026-06-30,偏光・調光サングラス,43780,0
2026-06-30,3WAYサーキュレーター,17940,0
2026-06-30,壁掛けディスペンサー,34900,1396
2026-06-30,バランスケアスリッパ,4980,0
2026-06-30,優先配送,2144,0
2026-06-30,ナノガラス脱毛パッド,163180,3184
2026-06-30,健康サンダル,4980,0
2026-06-30,接触冷感UVアームカバー,19900,796
2026-06-30,形状記憶日傘,119520,2988
2026-06-30,湯上がりガーゼワンピース,44820,4233
2026-06-30,姿勢サポートベルト,5980,0
2026-06-30,携帯電動シェーバー,29880,996
2026-07-01,4WAY,194220,10458
2026-07-01,完全遮光・形状記憶,74700,1992
2026-07-01,湯上がりガーゼワンピース,34860,2988
2026-07-01,健康サンダル,19920,0
2026-07-01,壁掛けディスペンサー,61820,3141
2026-07-01,3WAYサーキュレーター,23920,0
2026-07-01,偏光・調光サングラス,99500,3184
2026-07-01,バランスケアスリッパ,39840,0
2026-07-01,害虫ブロッカー,374120,35024
2026-07-01,接触冷感UVアームカバー,51740,2388
2026-07-01,ナノガラス脱毛パッド,163180,796
2026-07-01,接触冷感UVパーカー,119400,5771
2026-07-01,形状記憶日傘,189240,5976
2026-07-01,UV歯ブラシ除菌器,44900,0
2026-07-01,携帯電動シェーバー,24900,996
2026-07-01,優先配送,2680,0
2026-07-02,4WAY,129480,6225
2026-07-02,接触冷感UVパーカー,87560,1592
2026-07-02,ナノガラス脱毛パッド,139300,2388
2026-07-02,バランスケアスリッパ,4980,0
2026-07-02,偏光・調光サングラス,59700,1592
2026-07-02,湯上がりガーゼワンピース,34860,1992
2026-07-02,健康サンダル,54780,1992
2026-07-02,UV歯ブラシ除菌器,53880,0
2026-07-02,壁掛けディスペンサー,37880,3987
2026-07-02,接触冷感UVアームカバー,67660,3582
2026-07-02,害虫ブロッカー,242780,22288
2026-07-02,3WAYサーキュレーター,5980,0
2026-07-02,携帯電動シェーバー,34860,0
2026-07-02,優先配送,1072,0
2026-07-02,形状記憶日傘,149400,6474
2026-07-02,完全遮光・形状記憶,74700,3237
2026-07-03,害虫ブロッカー,334320,37014
2026-07-03,ナノガラス脱毛パッド,139300,1592
2026-07-03,接触冷感UVパーカー,67660,796
2026-07-03,携帯電動シェーバー,59760,996
2026-07-03,形状記憶日傘,139440,5976
2026-07-03,健康サンダル,39840,996
2026-07-03,壁掛けディスペンサー,71780,3788
2026-07-03,UV歯ブラシ除菌器,44900,1796
2026-07-03,優先配送,5360,0
2026-07-03,湯上がりガーゼワンピース,19920,2241
2026-07-03,3WAYサーキュレーター,23920,1196
2026-07-03,偏光・調光サングラス,107460,4975
2026-07-03,接触冷感UVアームカバー,39800,796
2026-07-03,完全遮光・形状記憶,84660,3984
2026-07-03,4WAY,134460,4980
2026-07-03,バランスケアスリッパ,24900,996
2026-07-04,湯上がりガーゼワンピース,34860,2988
2026-07-04,4WAY,164340,8217
2026-07-04,リカバリーサンダル,3980,0
2026-07-04,ナノガラス脱毛パッド,230840,4179
2026-07-04,ナノバブルシャワーヘッド,6980,0
2026-07-04,接触冷感UVパーカー,75620,4179
2026-07-04,バランスケアスリッパ,19920,0
2026-07-04,形状記憶日傘,214140,6225
2026-07-04,携帯電動シェーバー,39840,996
2026-07-04,優先配送,4824,0
2026-07-04,完全遮光・形状記憶,94620,6474
2026-07-04,偏光・調光サングラス,39800,3184
2026-07-04,接触冷感UVアームカバー,31840,2388
2026-07-04,壁掛けディスペンサー,47860,0
2026-07-04,害虫ブロッカー,322380,27462
2026-07-04,3WAYサーキュレーター,17940,1196
2026-07-04,健康サンダル,39840,1992
2026-07-05,ナノバブルシャワーヘッド,6980,0
2026-07-05,害虫ブロッカー,382080,36815
2026-07-05,接触冷感UVアームカバー,67660,3383
2026-07-05,接触冷感UVパーカー,111440,1592
2026-07-05,瞬間冷却ハンディファン,5980,0
2026-07-05,優先配送,3752,0
2026-07-05,バランスケアスリッパ,29880,996
2026-07-05,壁掛けディスペンサー,59820,1196
2026-07-05,形状記憶日傘,273900,12699
2026-07-05,ナノガラス脱毛パッド,234820,1592
2026-07-05,湯上がりガーゼワンピース,24900,0
2026-07-05,健康サンダル,54780,3237
2026-07-05,携帯電動シェーバー,49800,996
2026-07-05,偏光・調光サングラス,55720,0
2026-07-05,3WAYサーキュレーター,29900,0
2026-07-05,完全遮光・形状記憶,74700,996
2026-07-05,4WAY,204180,5976
2026-07-05,完全遮光・接触冷感UVハット,5980,0
2026-07-05,UV歯ブラシ除菌器,44900,4041
2026-07-06,ナノバブルシャワーヘッド,6980,0
2026-07-06,4WAY,159360,6972
2026-07-06,バランスケアスリッパ,24900,2241
2026-07-06,健康サンダル,39840,1992
2026-07-06,UV歯ブラシ除菌器,35920,0
2026-07-06,湯上がりガーゼワンピース,19920,2241
2026-07-06,ナノガラス脱毛パッド,139300,796
2026-07-06,形状記憶日傘,149400,1992
2026-07-06,害虫ブロッカー,234820,19303
2026-07-06,優先配送,2680,0
2026-07-06,3WAYサーキュレーター,35880,1196
2026-07-06,接触冷感UVアームカバー,11940,0
2026-07-06,携帯電動シェーバー,39840,996
2026-07-06,偏光・調光サングラス,23880,0
2026-07-06,接触冷感UVパーカー,47760,2388
2026-07-06,壁掛けディスペンサー,33900,0
2026-07-06,完全遮光・形状記憶,54780,996
2026-07-07,湯上がりガーゼワンピース,29880,996
2026-07-07,完全遮光・形状記憶,54780,3237
2026-07-07,偏光・調光サングラス,59700,4975
2026-07-07,3WAYサーキュレーター,17940,1196
2026-07-07,4WAY,94620,1992
2026-07-07,害虫ブロッカー,242780,21094
2026-07-07,UV歯ブラシ除菌器,17960,0
2026-07-07,バランスケアスリッパ,4980,0
2026-07-07,接触冷感UVパーカー,51740,796
2026-07-07,携帯電動シェーバー,29880,0
2026-07-07,形状記憶日傘,124500,4233
2026-07-07,ナノガラス脱毛パッド,127360,3383
2026-07-07,健康サンダル,19920,2241
2026-07-07,優先配送,3216,0
2026-07-07,接触冷感UVアームカバー,31840,1592
2026-07-07,壁掛けディスペンサー,39880,1196
2026-07-08,ナノバブルシャワーヘッド,6980,0
2026-07-08,湯上がりガーゼワンピース,24900,0
2026-07-08,完全遮光・形状記憶,64740,996
2026-07-08,壁掛けディスペンサー,26920,3141
2026-07-08,ナノガラス脱毛パッド,99500,0
2026-07-08,健康サンダル,14940,0
2026-07-08,バランスケアスリッパ,29880,1992
2026-07-08,UV歯ブラシ除菌器,26940,1796
2026-07-08,リカバリーサンダル,3980,0
2026-07-08,優先配送,2144,0
2026-07-08,害虫ブロッカー,282580,27860
2026-07-08,偏光・調光サングラス,39800,796
2026-07-08,接触冷感UVアームカバー,43780,1592
2026-07-08,形状記憶日傘,169320,6474
2026-07-08,3WAYサーキュレーター,17940,0
2026-07-08,4WAY,69720,3984
2026-07-08,携帯電動シェーバー,19920,0
2026-07-08,完全遮光・接触冷感UVハット,5980,0
2026-07-08,接触冷感UVパーカー,51740,796
2026-07-09,偏光・調光サングラス,71640,1592
2026-07-09,完全遮光・接触冷感UVハット,5980,0
2026-07-09,害虫ブロッカー,214920,24278
2026-07-09,形状記憶日傘,149400,6474
2026-07-09,携帯電動シェーバー,14940,0
2026-07-09,湯上がりガーゼワンピース,34860,1992
2026-07-09,接触冷感UVアームカバー,43780,1592
2026-07-09,優先配送,2680,0
2026-07-09,完全遮光・形状記憶,84660,1992
2026-07-09,UV歯ブラシ除菌器,62860,0
2026-07-09,接触冷感UVパーカー,91540,1592
2026-07-09,4WAY,189240,8217
2026-07-09,3WAYサーキュレーター,17940,0
2026-07-09,ナノガラス脱毛パッド,103480,796
2026-07-09,健康サンダル,14940,0
2026-07-10,バランスケアスリッパ,29880,0
2026-07-10,3WAYサーキュレーター,35880,2392
2026-07-10,癒しの指圧マット,5980,0
2026-07-10,害虫ブロッカー,262680,24079
2026-07-10,接触冷感UVパーカー,87560,796
2026-07-10,瞬間冷感ポンチョ,11940,0
2026-07-10,湯上がりガーゼワンピース,34860,2241
2026-07-10,偏光・調光サングラス,27860,796
2026-07-10,リカバリーサンダル,3980,0
2026-07-10,ナノガラス脱毛パッド,163180,4179
2026-07-10,完全遮光・形状記憶,49800,996
2026-07-10,健康サンダル,44820,2988
2026-07-10,UV歯ブラシ除菌器,17960,0
2026-07-10,形状記憶日傘,189240,5229
2026-07-10,接触冷感UVアームカバー,55720,4378
2026-07-10,優先配送,2144,0
2026-07-10,ムダ毛シェーバー,23920,1196
2026-07-10,壁掛けディスペンサー,25920,1196
2026-07-10,4WAY,224100,12699
2026-07-10,携帯電動シェーバー,29880,996
2026-07-11,完全遮光・接触冷感UVハット,5980,0
2026-07-11,ナノガラス脱毛パッド,187060,796
2026-07-11,壁掛けディスペンサー,19940,0
2026-07-11,健康サンダル,34860,3237
2026-07-11,4WAY,139440,2988
2026-07-11,完全遮光・形状記憶,69720,2241
2026-07-11,接触冷感UVアームカバー,31840,0
2026-07-11,優先配送,2680,0
2026-07-11,ムダ毛シェーバー,23920,0
2026-07-11,害虫ブロッカー,298500,26666
2026-07-11,携帯電動シェーバー,39840,996
2026-07-11,瞬間冷感ポンチョ,15920,0
2026-07-11,湯上がりガーゼワンピース,29880,1992
2026-07-11,3WAYサーキュレーター,11960,0
2026-07-11,接触冷感UVパーカー,99500,1592
2026-07-11,偏光・調光サングラス,67660,2388
2026-07-11,形状記憶日傘,184260,7221
2026-07-11,UV歯ブラシ除菌器,35920,0
2026-07-11,バランスケアスリッパ,4980,0
2026-07-11,ナノバブルシャワーヘッド,6980,0
2026-07-12,偏光・調光サングラス,79600,1592
2026-07-12,瞬間冷却ハンディファン,5980,0
2026-07-12,害虫ブロッカー,258700,24676
2026-07-12,UV歯ブラシ除菌器,44900,0
2026-07-12,3WAYサーキュレーター,65780,5083
2026-07-12,接触冷感UVアームカバー,51740,1592
2026-07-12,携帯電動シェーバー,34860,996
2026-07-12,湯上がりガーゼワンピース,49800,3984
2026-07-12,接触冷感UVパーカー,123380,4179
2026-07-12,4WAY,313740,10458
2026-07-12,形状記憶日傘,219120,2241
2026-07-12,ムダ毛シェーバー,53820,1196
2026-07-12,健康サンダル,44820,996
2026-07-12,瞬間冷感ポンチョ,35820,796
2026-07-12,完全遮光・形状記憶,104580,5229
2026-07-12,優先配送,3216,0
2026-07-12,バランスケアスリッパ,24900,996
2026-07-12,壁掛けディスペンサー,27920,0
2026-07-12,ナノガラス脱毛パッド,167160,2388
2026-07-13,優先配送,5360,0
2026-07-13,壁掛けディスペンサー,43860,3987
2026-07-13,完全遮光・接触冷感UVハット,5980,0
2026-07-13,湯上がりガーゼワンピース,4980,0
2026-07-13,接触冷感UVパーカー,59700,1592
2026-07-13,ムダ毛シェーバー,53820,1196
2026-07-13,卓上冷感クーラー,17940,0
2026-07-13,健康サンダル,29880,1992
2026-07-13,害虫ブロッカー,171140,14726
2026-07-13,ナノガラス脱毛パッド,115420,0
2026-07-13,形状記憶日傘,104580,1992
2026-07-13,接触冷感UVアームカバー,35820,1592
2026-07-13,偏光・調光サングラス,39800,2587
2026-07-13,瞬間冷感ポンチョ,51740,4378
2026-07-13,完全遮光・形状記憶,89640,0
2026-07-13,携帯電動シェーバー,14940,0
2026-07-13,3WAYサーキュレーター,47840,2392
2026-07-13,バランスケアスリッパ,14940,0
2026-07-13,UV歯ブラシ除菌器,35920,0
2026-07-13,4WAY,273900,17679
2026-07-14,壁掛けディスペンサー,0,0
2026-07-14,接触冷感UVアームカバー,23880,0
2026-07-14,瞬間冷感ポンチョ,19900,796
2026-07-14,ナノガラス脱毛パッド,131340,796
2026-07-14,優先配送,2680,0
2026-07-14,完全遮光・形状記憶,74700,996
2026-07-14,4WAY,229080,13446
2026-07-14,接触冷感UVパーカー,63680,796
2026-07-14,害虫ブロッカー,214920,22686
2026-07-14,湯上がりガーゼワンピース,14940,0
2026-07-14,瞬間冷却ハンディファン,11960,1196
2026-07-14,卓上冷感クーラー,47840,1196
2026-07-14,携帯電動シェーバー,24900,0
2026-07-14,バランスケアスリッパ,39840,996
2026-07-14,健康サンダル,34860,0
2026-07-14,3WAYサーキュレーター,59800,2392
2026-07-14,形状記憶日傘,169320,8217
2026-07-14,ムダ毛シェーバー,17940,0
2026-07-14,UV歯ブラシ除菌器,71840,1796
2026-07-14,偏光・調光サングラス,47760,796
2026-07-15,接触冷感UVアームカバー,19900,796
2026-07-15,ムダ毛シェーバー,17940,0
2026-07-15,湯上がりガーゼワンピース,44820,2988
2026-07-15,バランスケアスリッパ,19920,996
2026-07-15,健康サンダル,24900,1992
2026-07-15,携帯電動シェーバー,49800,1992
2026-07-15,偏光・調光サングラス,79600,4776
2026-07-15,完全遮光・形状記憶,79680,996
2026-07-15,形状記憶日傘,234060,6225
2026-07-15,完全遮光・接触冷感UVハット,5980,0
2026-07-15,4WAY,258960,13446
2026-07-15,瞬間冷却ハンディファン,5980,0
2026-07-15,壁掛けディスペンサー,48860,4537
2026-07-15,優先配送,4288,0
2026-07-15,3WAYサーキュレーター,35880,2392
2026-07-15,瞬間冷感ポンチョ,35820,3383
2026-07-15,リカバリーサンダル,3980,0
2026-07-15,UV歯ブラシ除菌器,35920,0
2026-07-15,卓上冷感クーラー,59800,1196
2026-07-15,ナノガラス脱毛パッド,83580,796
2026-07-15,接触冷感UVパーカー,75620,796
2026-07-15,害虫ブロッカー,179100,15522
2026-07-16,接触冷感UVアームカバー,31840,1791
2026-07-16,UV歯ブラシ除菌器,17960,0
2026-07-16,瞬間冷却ハンディファン,17940,1196
2026-07-16,バランスケアスリッパ,14940,0
2026-07-16,卓上冷感クーラー,65780,1196
2026-07-16,完全遮光・形状記憶,44820,1992
2026-07-16,接触冷感UVパーカー,59700,0
2026-07-16,ムダ毛シェーバー,23920,0
2026-07-16,瞬間冷感ポンチョ,19900,2587
2026-07-16,4WAY,338640,20169
2026-07-16,形状記憶日傘,144420,7470
2026-07-16,優先配送,2680,0
2026-07-16,ナノガラス脱毛パッド,95520,1592
2026-07-16,壁掛けディスペンサー,20940,0
2026-07-16,湯上がりガーゼワンピース,9960,996
2026-07-16,健康サンダル,19920,0
2026-07-16,偏光・調光サングラス,63680,796
2026-07-16,害虫ブロッカー,210940,22288
2026-07-16,3WAYサーキュレーター,35880,1196
2026-07-16,携帯電動シェーバー,14940,0
2026-07-17,卓上冷感クーラー,119600,3588
2026-07-17,バランスケアスリッパ,9960,0
2026-07-17,3WAYサーキュレーター,23920,2691
2026-07-17,優先配送,3216,0
2026-07-17,健康サンダル,19920,0
2026-07-17,UV歯ブラシ除菌器,35920,0
2026-07-17,4WAY,313740,17679
2026-07-17,ムダ毛シェーバー,29900,0
2026-07-17,接触冷感UVアームカバー,47760,2587
2026-07-17,携帯電動シェーバー,19920,0
2026-07-17,ナノガラス脱毛パッド,131340,796
2026-07-17,害虫ブロッカー,147260,13731
2026-07-17,接触冷感UVパーカー,71640,796
2026-07-17,形状記憶日傘,144420,5229
2026-07-17,完全遮光・形状記憶,94620,1992
2026-07-17,瞬間冷感ポンチョ,11940,796
2026-07-17,壁掛けディスペンサー,61820,4537
2026-07-17,偏光・調光サングラス,31840,0
2026-07-17,湯上がりガーゼワンピース,19920,2241
2026-07-18,偏光・調光サングラス,75620,3980
2026-07-18,3WAYサーキュレーター,29900,1196
2026-07-18,接触冷感UVパーカー,71640,0
2026-07-18,4WAY,258960,10458
2026-07-18,瞬間冷却ハンディファン,5980,0
2026-07-18,形状記憶日傘,169320,1992
2026-07-18,リカバリーサンダル,3980,0
2026-07-18,健康サンダル,24900,1992
2026-07-18,ネックマッサージャー,9980,0
2026-07-18,UV歯ブラシ除菌器,26940,0
2026-07-18,卓上冷感クーラー,47840,1196
2026-07-18,ナノガラス脱毛パッド,175120,3184
2026-07-18,携帯電動シェーバー,4980,0
2026-07-18,瞬間冷感ポンチョ,15920,796
2026-07-18,接触冷感UVアームカバー,59700,3184
2026-07-18,優先配送,5896,0
2026-07-18,完全遮光・形状記憶,139440,7719
2026-07-18,壁掛けディスペンサー,6980,0
2026-07-18,害虫ブロッカー,202980,17114
2026-07-18,ムダ毛シェーバー,23920,0
2026-07-18,バランスケアスリッパ,14940,0
2026-07-19,4WAY,268920,9213
2026-07-19,3WAYサーキュレーター,59800,2392
2026-07-19,5WAY腰掛けファン,19920,996
2026-07-19,優先配送,2144,0
2026-07-19,湯上がりガーゼワンピース,26900,996
2026-07-19,接触冷感UVパーカー,63680,1592
2026-07-19,携帯電動シェーバー,44820,996
2026-07-19,接触冷感UVアームカバー,19900,796
2026-07-19,リカバリーサンダル,3980,0
2026-07-19,ムダ毛シェーバー,17940,0
2026-07-19,UV歯ブラシ除菌器,8980,0
2026-07-19,卓上冷感クーラー,89700,5083
2026-07-19,バランスケアスリッパ,14940,996
2026-07-19,ナノガラス脱毛パッド,123380,0
2026-07-19,形状記憶日傘,214140,6474
2026-07-19,壁掛けディスペンサー,34900,1396
2026-07-19,健康サンダル,9960,0
2026-07-19,瞬間冷却ハンディファン,11960,0
2026-07-19,完全遮光・形状記憶,84660,1992
2026-07-19,瞬間冷感ポンチョ,27860,2587
2026-07-19,偏光・調光サングラス,35820,0
2026-07-19,害虫ブロッカー,163180,16318
2026-07-20,湯上がりガーゼワンピース,5980,0
2026-07-20,健康サンダル,39840,1992
2026-07-20,形状記憶日傘,169320,5229
2026-07-20,害虫ブロッカー,262680,26268
2026-07-20,偏光・調光サングラス,47760,1592
2026-07-20,壁掛けディスペンサー,6980,0
2026-07-20,5WAY腰掛けファン,109560,8466
2026-07-20,4WAY,343620,16434
2026-07-20,ムダ毛シェーバー,35880,0
2026-07-20,瞬間冷感ポンチョ,15920,0
2026-07-20,3WAYサーキュレーター,47840,2392
2026-07-20,完全遮光・接触冷感UVハット,5980,0
2026-07-20,卓上冷感クーラー,119600,4784
2026-07-20,UV歯ブラシ除菌器,26940,1796
2026-07-20,接触冷感UVパーカー,99500,2388
2026-07-20,携帯電動シェーバー,34860,996
2026-07-20,優先配送,6432,0
2026-07-20,完全遮光・形状記憶,119520,2988
2026-07-20,接触冷感UVアームカバー,27860,0
2026-07-20,ナノガラス脱毛パッド,123380,1791
2026-07-21,バランスケアスリッパ,14940,0
2026-07-21,4WAY,343620,21912
2026-07-21,壁掛けディスペンサー,12960,0
2026-07-21,完全遮光・形状記憶,94620,3237
2026-07-21,3WAYサーキュレーター,41860,0
2026-07-21,UV歯ブラシ除菌器,8980,0
2026-07-21,卓上冷感クーラー,77740,1196
2026-07-21,ムダ毛シェーバー,41860,0
2026-07-21,形状記憶日傘,179280,3984
2026-07-21,接触冷感UVアームカバー,35820,1592
2026-07-21,害虫ブロッカー,199000,17512
2026-07-21,湯上がりガーゼワンピース,29900,2392
2026-07-21,接触冷感UVパーカー,75620,796
2026-07-21,瞬間冷感ポンチョ,15920,0
2026-07-21,携帯電動シェーバー,14940,0
2026-07-21,5WAY腰掛けファン,49800,1992
2026-07-21,ナノガラス脱毛パッド,95520,2388
2026-07-21,優先配送,10184,0
2026-07-21,健康サンダル,24900,0
2026-07-21,偏光・調光サングラス,43780,0
2026-07-22,4WAY,313740,15438
2026-07-23,4WAY,408360,20169
2026-07-24,4WAY,219120,7221
2026-07-25,4WAY,348600,18675
2026-07-26,4WAY,263940,10209
2026-07-27,4WAY,149400,6225
2026-07-28,4WAY,224100,5229
2026-07-22,形状記憶日傘,338640,15438
2026-07-23,形状記憶日傘,149400,3984
2026-07-24,形状記憶日傘,169320,4233
2026-07-25,形状記憶日傘,219120,4980
2026-07-26,形状記憶日傘,234060,8217
2026-07-27,形状記憶日傘,159360,4233
2026-07-28,形状記憶日傘,164340,4980
2026-07-22,害虫ブロッカー,187060,18109
2026-07-23,害虫ブロッカー,167160,12338
2026-07-24,害虫ブロッカー,222880,21691
2026-07-25,害虫ブロッカー,199000,16716
2026-07-26,害虫ブロッカー,270640,27462
2026-07-27,害虫ブロッカー,175120,16915
2026-07-28,害虫ブロッカー,195020,15323
2026-07-22,ナノガラス脱毛パッド,159200,796
2026-07-23,ナノガラス脱毛パッド,127360,2587
2026-07-24,ナノガラス脱毛パッド,107460,1592
2026-07-25,ナノガラス脱毛パッド,163180,3383
2026-07-26,ナノガラス脱毛パッド,206960,3383
2026-07-27,ナノガラス脱毛パッド,139300,3383
2026-07-28,ナノガラス脱毛パッド,123380,2388
2026-07-22,卓上冷感クーラー,149500,3588
2026-07-23,卓上冷感クーラー,155480,8372
2026-07-24,卓上冷感クーラー,125580,4784
2026-07-25,卓上冷感クーラー,53820,0
2026-07-26,卓上冷感クーラー,107640,4784
2026-07-27,卓上冷感クーラー,71760,1196
2026-07-28,卓上冷感クーラー,71760,2392
2026-07-22,接触冷感UVパーカー,87560,2587
2026-07-23,接触冷感UVパーカー,75620,796
2026-07-24,接触冷感UVパーカー,131340,3184
2026-07-25,接触冷感UVパーカー,83580,2388
2026-07-26,接触冷感UVパーカー,107460,796
2026-07-27,接触冷感UVパーカー,91540,2388
2026-07-28,接触冷感UVパーカー,103480,4179
2026-07-22,完全遮光・形状記憶,134460,2988
2026-07-23,完全遮光・形状記憶,119520,2988
2026-07-24,完全遮光・形状記憶,99600,1992
2026-07-25,完全遮光・形状記憶,49800,0
2026-07-26,完全遮光・形状記憶,74700,2988
2026-07-27,完全遮光・形状記憶,94620,2988
2026-07-28,完全遮光・形状記憶,99600,2988
2026-07-22,5WAY腰掛けファン,69720,7470
2026-07-23,5WAY腰掛けファン,44820,1992
2026-07-24,5WAY腰掛けファン,39840,2241
2026-07-25,5WAY腰掛けファン,59760,2988
2026-07-26,5WAY腰掛けファン,29880,1992
2026-07-27,5WAY腰掛けファン,64740,4233
2026-07-28,5WAY腰掛けファン,84660,6225
2026-07-22,ムダ毛シェーバー,47840,0
2026-07-23,ムダ毛シェーバー,17940,0
2026-07-24,ムダ毛シェーバー,29900,0
2026-07-25,ムダ毛シェーバー,35880,0
2026-07-26,ムダ毛シェーバー,59800,0
2026-07-27,ムダ毛シェーバー,40880,1396
2026-07-28,ムダ毛シェーバー,48860,0
2026-07-22,3WAYサーキュレーター,83720,4784
2026-07-23,3WAYサーキュレーター,41860,1196
2026-07-24,3WAYサーキュレーター,11960,0
2026-07-25,3WAYサーキュレーター,17940,0
2026-07-26,3WAYサーキュレーター,65780,3588
2026-07-27,3WAYサーキュレーター,35880,2392
2026-07-28,3WAYサーキュレーター,23920,0
2026-07-22,偏光・調光サングラス,39800,0
2026-07-23,偏光・調光サングラス,35820,796
2026-07-24,偏光・調光サングラス,43780,796
2026-07-25,偏光・調光サングラス,19900,0
2026-07-26,偏光・調光サングラス,51740,796
2026-07-27,偏光・調光サングラス,43780,1592
2026-07-28,偏光・調光サングラス,35820,2587
2026-07-22,瞬間冷感ポンチョ,19900,796
2026-07-23,瞬間冷感ポンチョ,51740,3582
2026-07-24,瞬間冷感ポンチョ,47760,5373
2026-07-25,瞬間冷感ポンチョ,27860,1791
2026-07-26,瞬間冷感ポンチョ,23880,796
2026-07-27,瞬間冷感ポンチョ,59700,5174
2026-07-28,瞬間冷感ポンチョ,27860,796
2026-07-22,接触冷感UVアームカバー,27860,1791
2026-07-23,接触冷感UVアームカバー,35820,1592
2026-07-24,接触冷感UVアームカバー,31840,796
2026-07-25,接触冷感UVアームカバー,47760,796
2026-07-26,接触冷感UVアームカバー,43780,796
2026-07-27,接触冷感UVアームカバー,7960,0
2026-07-28,接触冷感UVアームカバー,35820,796
2026-07-22,UV歯ブラシ除菌器,8980,0
2026-07-23,UV歯ブラシ除菌器,8980,0
2026-07-24,UV歯ブラシ除菌器,35920,0
2026-07-25,UV歯ブラシ除菌器,35920,1796
2026-07-26,UV歯ブラシ除菌器,35920,0
2026-07-27,UV歯ブラシ除菌器,26940,1796
2026-07-28,UV歯ブラシ除菌器,26940,0
2026-07-22,健康サンダル,19920,996
2026-07-23,健康サンダル,39840,1992
2026-07-24,健康サンダル,24900,3237
2026-07-25,健康サンダル,19920,0
2026-07-26,健康サンダル,24900,0
2026-07-27,健康サンダル,29880,2241
2026-07-28,健康サンダル,9960,0
2026-07-22,携帯電動シェーバー,24900,0
2026-07-23,携帯電動シェーバー,14940,0
2026-07-24,携帯電動シェーバー,4980,0
2026-07-25,携帯電動シェーバー,19920,0
2026-07-26,携帯電動シェーバー,24900,0
2026-07-27,携帯電動シェーバー,24900,0
2026-07-28,携帯電動シェーバー,29880,0
2026-07-22,バランスケアスリッパ,29880,996
2026-07-24,バランスケアスリッパ,4980,0
2026-07-25,バランスケアスリッパ,14940,996
2026-07-26,バランスケアスリッパ,24900,996
2026-07-27,バランスケアスリッパ,14940,0
2026-07-28,バランスケアスリッパ,4980,0
2026-07-23,壁掛けディスペンサー,18940,1196
2026-07-24,壁掛けディスペンサー,12960,0
2026-07-25,壁掛けディスペンサー,13960,0
2026-07-26,壁掛けディスペンサー,18940,1196
2026-07-28,壁掛けディスペンサー,12960,0
2026-07-22,湯上がりガーゼワンピース,11960,1196
2026-07-23,湯上がりガーゼワンピース,5980,0
2026-07-26,湯上がりガーゼワンピース,17940,1196
2026-07-22,瞬間冷却ハンディファン,17940,1196
2026-07-23,瞬間冷却ハンディファン,5980,0
2026-07-24,瞬間冷却ハンディファン,5980,0
2026-07-28,瞬間冷却ハンディファン,11960,0
2026-07-23,完全遮光・接触冷感UVハット,5980,0
2026-07-22,優先配送,5896,0
2026-07-23,優先配送,5896,0
2026-07-24,優先配送,6432,0
2026-07-25,優先配送,3216,0
2026-07-26,優先配送,5896,0
2026-07-27,優先配送,2680,0
2026-07-28,優先配送,3752,0
2026-07-29,4WAY,244020,10458
2026-07-29,ナノガラス脱毛パッド,171140,1592
2026-07-29,形状記憶日傘,164340,4233
2026-07-29,害虫ブロッカー,139300,11542
2026-07-29,接触冷感UVパーカー,75620,796
2026-07-29,ムダ毛シェーバー,69800,0
2026-07-29,5WAY腰掛けファン,69720,5478
2026-07-29,卓上冷感クーラー,59800,0
2026-07-29,3WAYサーキュレーター,47840,2392
2026-07-29,接触冷感UVアームカバー,47760,0
2026-07-29,完全遮光・形状記憶,44820,2988
2026-07-29,瞬間冷感ポンチョ,43780,1592
2026-07-29,偏光・調光サングラス,31840,0
2026-07-29,携帯電動シェーバー,14940,0
2026-07-29,健康サンダル,14940,0
2026-07-29,優先配送,1608,0
2026-07-30,4WAY,209160,7968
2026-07-30,ナノガラス脱毛パッド,179100,0
2026-07-30,形状記憶日傘,169320,4980
2026-07-30,害虫ブロッカー,159200,14527
2026-07-30,接触冷感UVパーカー,103480,1592
2026-07-30,5WAY腰掛けファン,89640,4233
2026-07-30,完全遮光・形状記憶,79680,0
2026-07-30,卓上冷感クーラー,53820,0
2026-07-30,ムダ毛シェーバー,48860,0
2026-07-30,3WAYサーキュレーター,47840,3588
2026-07-30,接触冷感UVアームカバー,43780,2388
2026-07-30,偏光・調光サングラス,35820,796
2026-07-30,携帯電動シェーバー,24900,0
2026-07-30,湯上がりガーゼワンピース,17940,2691
2026-07-30,瞬間冷感ポンチョ,15920,796
2026-07-30,健康サンダル,14940,0
2026-07-30,バランスケアスリッパ,9960,996
2026-07-30,UV歯ブラシ除菌器,8980,0
2026-07-30,壁掛けディスペンサー,6980,0
2026-07-30,優先配送,6968,0
2026-07-31,ナノガラス脱毛パッド,175120,2388
2026-07-31,形状記憶日傘,164340,9462
2026-07-31,害虫ブロッカー,155220,13532
2026-07-31,4WAY,119520,2988
2026-07-31,接触冷感UVパーカー,79600,3184
2026-07-31,完全遮光・形状記憶,69720,0
2026-07-31,卓上冷感クーラー,59800,3588
2026-07-31,5WAY腰掛けファン,59760,1992
2026-07-31,ムダ毛シェーバー,48860,0
2026-07-31,偏光・調光サングラス,47760,0
2026-07-31,瞬間冷感ポンチョ,23880,1791
2026-07-31,壁掛けディスペンサー,20940,0
2026-07-31,接触冷感UVアームカバー,15920,0
2026-07-31,携帯電動シェーバー,14940,0
2026-07-31,3WAYサーキュレーター,11960,0
2026-07-31,バランスケアスリッパ,9960,996
2026-07-31,優先配送,7504,0
2026-07-31,瞬間冷却ハンディファン,5980,0
2026-07-31,健康サンダル,4980,0
2026-07-31,完全遮光・接触冷感UVハット,4980,0
2026-07-31,リカバリーサンダル,3980,0
2026-08-01,ナノガラス脱毛パッド,218900,3184
2026-08-01,4WAY,184260,8217
2026-08-01,形状記憶日傘,139440,1992
2026-08-01,完全遮光・形状記憶,119520,5478
2026-08-01,接触冷感UVパーカー,111440,796
2026-08-01,害虫ブロッカー,91540,6567
2026-08-01,5WAY腰掛けファン,79680,3984
2026-08-01,卓上冷感クーラー,65780,2392
2026-08-01,ムダ毛シェーバー,62820,0
2026-08-01,3WAYサーキュレーター,41860,1196
2026-08-01,健康サンダル,39840,0
2026-08-01,瞬間冷感ポンチョ,39800,3582
2026-08-01,UV歯ブラシ除菌器,35920,0
2026-08-01,偏光・調光サングラス,27860,1592
2026-08-01,携帯電動シェーバー,19920,0
2026-08-01,完全遮光・接触冷感UVハット,19920,0
2026-08-01,接触冷感UVアームカバー,15920,0
2026-08-01,壁掛けディスペンサー,6980,0
2026-08-01,スマートノーズEMS美顔器,5980,0
2026-08-01,湯上がりガーゼワンピース,5980,0
2026-08-01,優先配送,5896,0
2026-08-02,4WAY,298800,21912
2026-08-02,ナノガラス脱毛パッド,242780,4179
2026-08-02,害虫ブロッカー,183080,16318
2026-08-02,形状記憶日傘,124500,3237
2026-08-02,ムダ毛シェーバー,111680,0
2026-08-02,完全遮光・形状記憶,109560,996
2026-08-02,接触冷感UVパーカー,83580,796
2026-08-02,5WAY腰掛けファン,64740,3237
2026-08-02,瞬間冷感ポンチョ,59700,3980
2026-08-02,3WAYサーキュレーター,42860,3887
2026-08-02,W固定スマホ車載ホルダー,39800,0
2026-08-02,偏光・調光サングラス,39800,0
2026-08-02,携帯電動シェーバー,34860,0
2026-08-02,接触冷感UVアームカバー,31840,0
2026-08-02,卓上冷感クーラー,29900,0
2026-08-02,健康サンダル,19920,0
2026-08-02,ジェットウォッシャー,9960,0
2026-08-02,姿勢サポートチェア,7980,0
2026-08-02,優先配送,5360,0
2026-08-02,バランスケアスリッパ,4980,0
2026-08-02,完全遮光・接触冷感UVハット,4980,0
2026-08-03,ナノガラス脱毛パッド,195020,796
2026-08-03,害虫ブロッカー,127360,9950
2026-08-03,形状記憶日傘,104580,2988
2026-08-03,接触冷感UVパーカー,91540,3383
2026-08-03,4WAY,84660,5229
2026-08-03,ムダ毛シェーバー,69800,0
2026-08-03,偏光・調光サングラス,67660,2388
2026-08-03,卓上冷感クーラー,59800,0
2026-08-03,5WAY腰掛けファン,54780,2988
2026-08-03,完全遮光・形状記憶,44820,1992
2026-08-03,3WAYサーキュレーター,27920,0
2026-08-03,接触冷感UVアームカバー,27860,796
2026-08-03,W固定スマホ車載ホルダー,19900,0
2026-08-03,瞬間冷感ポンチョ,15920,1791
2026-08-03,携帯電動シェーバー,9960,0
2026-08-03,バランスケアスリッパ,9960,0
2026-08-03,完全遮光・接触冷感UVハット,9960,0
2026-08-03,UV歯ブラシ除菌器,8980,0
2026-08-03,優先配送,5896,0
2026-08-03,健康サンダル,4980,0
2026-08-03,リカバリーサンダル,3980,0
2026-08-04,4WAY,164340,8466
2026-08-04,ナノガラス脱毛パッド,163180,796
2026-08-04,害虫ブロッカー,159200,12338
2026-08-04,接触冷感UVパーカー,75620,2587
2026-08-04,形状記憶日傘,74700,0
2026-08-04,完全遮光・形状記憶,69720,996
2026-08-04,卓上冷感クーラー,65780,1196
2026-08-04,ムダ毛シェーバー,62820,0
2026-08-04,W固定スマホ車載ホルダー,47760,796
2026-08-04,5WAY腰掛けファン,24900,996
2026-08-04,完全遮光・接触冷感UVハット,24900,0
2026-08-04,携帯電動シェーバー,19920,0
2026-08-04,接触冷感UVアームカバー,19900,0
2026-08-04,偏光・調光サングラス,19900,0
2026-08-04,姿勢サポートチェア,17940,0
2026-08-04,3WAYサーキュレーター,13960,0
2026-08-04,健康サンダル,9960,0
2026-08-04,湯上がりガーゼワンピース,5980,0
2026-08-04,優先配送,5360,0
2026-08-04,バランスケアスリッパ,4980,0
2026-08-05,ナノガラス脱毛パッド,151240,2388
2026-08-05,4WAY,99600,4233
2026-08-05,害虫ブロッカー,87560,8358
2026-08-05,形状記憶日傘,69720,996
2026-08-05,接触冷感UVパーカー,63680,2587
2026-08-05,ムダ毛シェーバー,62820,0
2026-08-05,W固定スマホ車載ホルダー,55720,2388
2026-08-05,5WAY腰掛けファン,44820,1992
2026-08-05,3WAYサーキュレーター,34900,2792
2026-08-05,偏光・調光サングラス,31840,0
2026-08-05,姿勢サポートチェア,29900,0
2026-08-05,完全遮光・接触冷感UVハット,24900,2241
2026-08-05,完全遮光・形状記憶,24900,996
2026-08-05,携帯電動シェーバー,19920,0
2026-08-05,瞬間冷感ポンチョ,19900,1592
2026-08-05,バランスケアスリッパ,14940,996
2026-08-05,接触冷感UVアームカバー,7960,796
2026-08-05,壁掛けディスペンサー,6980,0
2026-08-05,卓上冷感クーラー,5980,0
2026-08-05,健康サンダル,4980,0
2026-08-05,リカバリーサンダル,3980,0
2026-08-05,優先配送,3216,0
2026-08-06,ナノガラス脱毛パッド,191040,1592
2026-08-06,形状記憶日傘,74700,996
2026-08-06,害虫ブロッカー,67660,4975
2026-08-06,4WAY,64740,3984
2026-08-06,W固定スマホ車載ホルダー,63680,0
2026-08-06,5WAY腰掛けファン,54780,1992
2026-08-06,完全遮光・形状記憶,54780,0
2026-08-06,接触冷感UVパーカー,47760,796
2026-08-06,完全遮光・接触冷感UVハット,34860,996
2026-08-06,ムダ毛シェーバー,27920,0
2026-08-06,接触冷感UVアームカバー,27860,1791
2026-08-06,偏光・調光サングラス,27860,796
2026-08-06,姿勢サポートチェア,23920,0
2026-08-06,携帯電動シェーバー,14940,0
2026-08-06,バランスケアスリッパ,14940,996
2026-08-06,瞬間冷感ポンチョ,7960,796
2026-08-06,卓上冷感クーラー,5980,0
2026-08-06,湯上がりガーゼワンピース,5980,0
2026-08-06,2WAYシートボックス,4980,0
2026-08-06,優先配送,1608,0
2026-08-07,ナノガラス脱毛パッド,262680,4776
2026-08-07,W固定スマホ車載ホルダー,91540,2388
2026-08-07,4WAY,89640,6474
2026-08-07,形状記憶日傘,79680,5478
2026-08-07,接触冷感UVパーカー,59700,1791
2026-08-07,完全遮光・形状記憶,54780,3237
2026-08-07,偏光・調光サングラス,51740,796
2026-08-07,2WAYシートボックス,49800,1992
2026-08-07,害虫ブロッカー,35820,1592
2026-08-07,完全遮光・接触冷感UVハット,29880,0
2026-08-07,姿勢サポートチェア,23920,1196
2026-08-07,ムダ毛シェーバー,20940,0
2026-08-07,卓上冷感クーラー,17940,0
2026-08-07,携帯電動シェーバー,9960,0
2026-08-07,5WAY腰掛けファン,9960,0
2026-08-07,ナノバブルシャワーヘッド,6980,0
2026-08-07,バランスケアスリッパ,4980,0
2026-08-07,接触冷感UVアームカバー,3980,0
2026-08-07,瞬間冷感ポンチョ,3980,0
2026-08-07,優先配送,2144,0
2026-08-08,ナノガラス脱毛パッド,187060,796
2026-08-08,形状記憶日傘,99600,996
2026-08-08,4WAY,84660,5478
2026-08-08,W固定スマホ車載ホルダー,79600,796
2026-08-08,接触冷感UVパーカー,79600,3383
2026-08-08,2WAYシートボックス,74700,0
2026-08-08,害虫ブロッカー,67660,5970
2026-08-08,5WAY腰掛けファン,64740,3984
2026-08-08,ムダ毛シェーバー,48860,0
2026-08-08,完全遮光・形状記憶,34860,996
2026-08-08,姿勢サポートチェア,29900,1196
2026-08-08,偏光・調光サングラス,27860,0
2026-08-08,瞬間冷感ポンチョ,19900,1592
2026-08-08,携帯電動シェーバー,14940,0
2026-08-08,バランスケアスリッパ,14940,0
2026-08-08,完全遮光・接触冷感UVハット,14940,0
2026-08-08,卓上冷感クーラー,11960,0
2026-08-08,接触冷感UVアームカバー,11940,0
2026-08-08,瞬間冷却ハンディファン,5980,0
2026-08-08,優先配送,1608,0
2026-08-09,ナノガラス脱毛パッド,187060,0
2026-08-09,W固定スマホ車載ホルダー,131340,3184
2026-08-09,害虫ブロッカー,115420,9353
2026-08-09,接触冷感UVパーカー,87560,4179
2026-08-09,2WAYシートボックス,79680,3984
2026-08-09,形状記憶日傘,49800,996
2026-08-09,卓上冷感クーラー,47840,3588
2026-08-09,4WAY,44820,996
2026-08-09,5WAY腰掛けファン,39840,1992
2026-08-09,完全遮光・接触冷感UVハット,39840,996
2026-08-09,偏光・調光サングラス,39800,796
2026-08-09,ムダ毛シェーバー,34900,0
2026-08-09,接触冷感UVアームカバー,27860,0
2026-08-09,完全遮光・形状記憶,19920,0
2026-08-09,姿勢サポートチェア,17940,0
2026-08-09,UV歯ブラシ除菌器,8980,0
2026-08-09,壁掛けディスペンサー,6980,0
2026-08-09,携帯電動シェーバー,4980,0
2026-08-09,バランスケアスリッパ,4980,0
2026-08-09,優先配送,3752,0
2026-08-10,ナノガラス脱毛パッド,179100,5572
2026-08-10,W固定スマホ車載ホルダー,79600,1592
2026-08-10,害虫ブロッカー,59700,3980
2026-08-10,ムダ毛シェーバー,55840,0
2026-08-10,接触冷感UVパーカー,55720,0
2026-08-10,形状記憶日傘,49800,0
2026-08-10,完全遮光・接触冷感UVハット,49800,0
2026-08-10,4WAY,34860,996
2026-08-10,偏光・調光サングラス,31840,796
2026-08-10,5WAY腰掛けファン,29880,2241
2026-08-10,完全遮光・形状記憶,29880,2241
2026-08-10,接触冷感UVアームカバー,19900,796
2026-08-10,バランスケアスリッパ,14940,996
2026-08-10,卓上冷感クーラー,11960,0
2026-08-10,携帯電動シェーバー,9960,0
2026-08-10,2WAYシートボックス,9960,996
2026-08-10,ナノバブルシャワーヘッド,6980,0
2026-08-10,3WAYサーキュレーター,6980,0
2026-08-10,姿勢サポートチェア,5980,0
2026-08-10,優先配送,2144,0
2026-08-11,ナノガラス脱毛パッド,282580,11542
2026-08-11,W固定スマホ車載ホルダー,83580,1592
2026-08-11,接触冷感UVパーカー,79600,1791
2026-08-11,形状記憶日傘,74700,996
2026-08-11,ムダ毛シェーバー,62820,0
2026-08-11,害虫ブロッカー,55720,3383
2026-08-11,偏光・調光サングラス,55720,2388
2026-08-11,完全遮光・形状記憶,54780,4233
2026-08-11,4WAY,39840,0
2026-08-11,2WAYシートボックス,34860,996
2026-08-11,5WAY腰掛けファン,34860,1992
2026-08-11,完全遮光・接触冷感UVハット,24900,0
2026-08-11,姿勢サポートチェア,11960,0
2026-08-11,携帯電動シェーバー,9960,0
2026-08-11,快適マジックインソール,7960,796
2026-08-11,接触冷感UVアームカバー,7960,0
2026-08-11,瞬間冷感ポンチョ,3980,0
2026-08-11,優先配送,536,0
2026-08-12,ナノガラス脱毛パッド,115420,2388
2026-08-12,W固定スマホ車載ホルダー,87560,2388
2026-08-12,害虫ブロッカー,75620,5970
2026-08-12,2WAYシートボックス,69720,4233
2026-08-12,姿勢サポートチェア,47840,3887
2026-08-12,快適マジックインソール,43780,1592
2026-08-12,形状記憶日傘,39840,996
2026-08-12,接触冷感UVパーカー,39800,0
2026-08-12,4WAY,24900,2241
2026-08-12,卓上冷感クーラー,23920,2392
2026-08-12,ムダ毛シェーバー,20940,0
2026-08-12,5WAY腰掛けファン,19920,996
2026-08-12,完全遮光・形状記憶,19920,996
2026-08-12,偏光・調光サングラス,19900,796
2026-08-12,完全遮光・接触冷感UVハット,14940,0
2026-08-12,接触冷感UVアームカバー,11940,796
2026-08-12,携帯電動シェーバー,9960,0
2026-08-12,バランスケアスリッパ,9960,0
2026-08-12,3WAYサーキュレーター,6980,0
2026-08-12,優先配送,1608,0
2026-08-13,ナノガラス脱毛パッド,127360,1592
2026-08-13,W固定スマホ車載ホルダー,99500,1791
2026-08-13,害虫ブロッカー,63680,3980
2026-08-13,完全遮光・形状記憶,49800,2241
2026-08-13,ムダ毛シェーバー,48860,0
2026-08-13,接触冷感UVパーカー,38840,996
2026-08-13,姿勢サポートチェア,35880,2392
2026-08-13,快適マジックインソール,35820,2388
2026-08-13,形状記憶日傘,34860,0
2026-08-13,2WAYシートボックス,19920,996
2026-08-13,バランスケアスリッパ,19920,996
2026-08-13,健康サンダル,14940,2241
2026-08-13,4WAY,14940,0
2026-08-13,5WAY腰掛けファン,14940,996
2026-08-13,壁掛けディスペンサー,11960,1196
2026-08-13,接触冷感UVアームカバー,11940,0
2026-08-13,携帯電動シェーバー,9960,0
2026-08-13,完全遮光・接触冷感UVハット,9960,0
2026-08-13,偏光・調光サングラス,7960,0
2026-08-13,瞬間冷感ポンチョ,3980,0
2026-08-13,優先配送,1608,0
2026-08-14,ナノガラス脱毛パッド,167160,796
2026-08-14,W固定スマホ車載ホルダー,91540,1592
2026-08-14,害虫ブロッカー,63680,4975
2026-08-14,形状記憶日傘,54780,1992
2026-08-14,4WAY,39840,4233
2026-08-14,完全遮光・接触冷感UVハット,34860,0
2026-08-14,ムダ毛シェーバー,27920,0
2026-08-14,偏光・調光サングラス,23880,796
2026-08-14,接触冷感UVパーカー,19920,0
2026-08-14,姿勢サポートチェア,17940,0
2026-08-14,快適マジックインソール,15920,0
2026-08-14,接触冷感UVアームカバー,15920,796
2026-08-14,2WAYシートボックス,9960,0
2026-08-14,バランスケアスリッパ,9960,0
2026-08-14,5WAY腰掛けファン,4980,0
2026-08-14,完全遮光・形状記憶,4980,0
2026-08-14,優先配送,2144,0
2026-08-15,ナノガラス脱毛パッド,222880,4776
2026-08-15,W固定スマホ車載ホルダー,79600,2587
2026-08-15,害虫ブロッカー,71640,6766
2026-08-15,形状記憶日傘,59760,1992
2026-08-15,ムダ毛シェーバー,55840,0
2026-08-15,姿勢サポートチェア,47840,2392
2026-08-15,偏光・調光サングラス,47760,2587
2026-08-15,4WAY,39840,996
2026-08-15,2WAYシートボックス,34860,1992
2026-08-15,接触冷感UVアームカバー,23880,796
2026-08-15,完全遮光・接触冷感UVハット,19920,0
2026-08-15,接触冷感UVパーカー,19900,0
2026-08-15,快適マジックインソール,15920,1791
2026-08-15,5WAY腰掛けファン,14940,996
2026-08-15,バランスケアスリッパ,14940,0
2026-08-15,完全遮光・形状記憶,14940,996
2026-08-15,ナノバブルシャワーヘッド,6980,0
2026-08-15,携帯電動シェーバー,4980,0
2026-08-15,優先配送,2144,0
2026-08-16,ナノガラス脱毛パッド,191040,1592
2026-08-16,W固定スマホ車載ホルダー,99500,3980
2026-08-16,ムダ毛シェーバー,90740,0
2026-08-16,2WAYシートボックス,49800,1992
2026-08-16,形状記憶日傘,44820,0
2026-08-16,快適マジックインソール,39800,2388
2026-08-16,4WAY,29880,2241
2026-08-16,完全遮光・形状記憶,29880,0
2026-08-16,接触冷感UVパーカー,27860,0
2026-08-16,偏光・調光サングラス,27860,0
2026-08-16,完全遮光・接触冷感UVハット,19920,0
2026-08-16,接触冷感UVアームカバー,15920,0
2026-08-16,姿勢サポートチェア,11960,0
2026-08-16,ヘアドライタオル,11940,796
2026-08-16,ジェットウォッシャー,9960,996
2026-08-16,バランスケアスリッパ,9960,0
2026-08-16,姿勢サポートベルト,5980,0
2026-08-16,携帯電動シェーバー,4980,0
2026-08-16,健康サンダル,4980,0
2026-08-16,優先配送,1608,0
