snapshot_date,campaign,adset,daily_budget
2026-07-18,害虫ブロッカー,害虫ブロッカー,61000
2026-07-18,4WAY 取り付けOK 小型瞬間冷却ハンディファン,4WAY 取り付けOK 小型瞬間冷却ハンディファン,70000
2026-07-18,ナノガラス脱毛パッド,ナノガラス脱毛パッド２,50000
2026-07-18,形状記憶日傘,形状記憶日傘,35000
2026-07-18,形状記憶日傘,形状記憶日傘 _同時並行テスト,25000
2026-07-18,カタログ全部（テスト）,カタログ全部（テスト）,30000
2026-07-18,完全遮光・形状記憶・晴雨兼用・UV日傘,完全遮光・形状記憶・晴雨兼用・UV日傘,28000
2026-07-18,接触冷感UVパーカー,接触冷感UVパーカー,28000
2026-07-18,偏光・調光サングラス,偏光・調光サングラス,22000
2026-07-18,卓上冷感クーラー,卓上冷感クーラー,24000
2026-07-18,ディスペンサー,ディスペンサー0520類似5%,17000
2026-07-18,接触冷感UVアームカバー,接触冷感UVアームカバー,17000
2026-07-18,ムダ毛シェーバー,ムダ毛シェーバー,13000
2026-07-18,UV歯ブラシ除菌器,UV歯ブラシ除菌器 - コピー,13000
2026-07-18,健康サンダル,足裏ツボ ｖ２,13000
2026-07-18,湯上がりガーゼワンピース,湯上がりガーゼワンピース,13000
2026-07-18,携帯電動シェーバー,携帯電動シェーバー,11000
2026-07-18,瞬間冷感ポンチョ,瞬間冷感ポンチョ,13000
2026-07-18,バランスケアスリッパ,バランスケアスリッパ v2,10000
2026-07-18,3WAYサーキュレーター扇風機,3WAYサーキュレーター扇風機,13000
2026-07-19,害虫ブロッカー,害虫ブロッカー,61000
2026-07-19,4WAY 取り付けOK 小型瞬間冷却ハンディファン,4WAY 取り付けOK 小型瞬間冷却ハンディファン,70000
2026-07-19,ナノガラス脱毛パッド,ナノガラス脱毛パッド２,50000
2026-07-19,形状記憶日傘,形状記憶日傘,35000
2026-07-19,形状記憶日傘,形状記憶日傘 _同時並行テスト,25000
2026-07-19,カタログ全部（テスト）,カタログ全部（テスト）,30000
2026-07-19,完全遮光・形状記憶・晴雨兼用・UV日傘,完全遮光・形状記憶・晴雨兼用・UV日傘,34000
2026-07-19,接触冷感UVパーカー,接触冷感UVパーカー,28000
2026-07-19,偏光・調光サングラス,偏光・調光サングラス,22000
2026-07-19,卓上冷感クーラー,卓上冷感クーラー,24000
2026-07-19,ディスペンサー,ディスペンサー0520類似5%,12000
2026-07-19,接触冷感UVアームカバー,接触冷感UVアームカバー,17000
2026-07-19,ムダ毛シェーバー,ムダ毛シェーバー,13000
2026-07-19,UV歯ブラシ除菌器,UV歯ブラシ除菌器 - コピー,13000
2026-07-19,健康サンダル,足裏ツボ ｖ２,13000
2026-07-19,湯上がりガーゼワンピース,湯上がりガーゼワンピース,6500
2026-07-19,携帯電動シェーバー,携帯電動シェーバー,11000
2026-07-19,瞬間冷感ポンチョ,瞬間冷感ポンチョ,13000
2026-07-19,バランスケアスリッパ,バランスケアスリッパ v2,10000
2026-07-19,3WAYサーキュレーター扇風機,3WAYサーキュレーター扇風機,13000
2026-07-19,害虫ブロッカー,害虫ブロッカー ０７１９,12000
2026-07-19,5WAY腰掛けファン,5WAY腰掛けファン,10000
2026-07-20,害虫ブロッカー,害虫ブロッカー,61000
2026-07-20,4WAY 取り付けOK 小型瞬間冷却ハンディファン,4WAY 取り付けOK 小型瞬間冷却ハンディファン,70000
2026-07-20,ナノガラス脱毛パッド,ナノガラス脱毛パッド２,50000
2026-07-20,形状記憶日傘,形状記憶日傘,35000
2026-07-20,形状記憶日傘,形状記憶日傘 _同時並行テスト,25000
2026-07-20,カタログ全部（テスト）,カタログ全部（テスト）,30000
2026-07-20,完全遮光・形状記憶・晴雨兼用・UV日傘,完全遮光・形状記憶・晴雨兼用・UV日傘,34000
2026-07-20,接触冷感UVパーカー,接触冷感UVパーカー,28000
2026-07-20,偏光・調光サングラス,偏光・調光サングラス,22000
2026-07-20,卓上冷感クーラー,卓上冷感クーラー,24000
2026-07-20,ディスペンサー,ディスペンサー0520類似5%,12000
2026-07-20,接触冷感UVアームカバー,接触冷感UVアームカバー,17000
2026-07-20,ムダ毛シェーバー,ムダ毛シェーバー,13000
2026-07-20,UV歯ブラシ除菌器,UV歯ブラシ除菌器 - コピー,13000
2026-07-20,健康サンダル,足裏ツボ ｖ２,13000
2026-07-20,湯上がりガーゼワンピース,湯上がりガーゼワンピース,6500
2026-07-20,携帯電動シェーバー,携帯電動シェーバー,11000
2026-07-20,瞬間冷感ポンチョ,瞬間冷感ポンチョ,13000
2026-07-20,バランスケアスリッパ,バランスケアスリッパ v2,10000
2026-07-20,3WAYサーキュレーター扇風機,3WAYサーキュレーター扇風機,13000
2026-07-20,害虫ブロッカー,害虫ブロッカー ０７１９,12000
2026-07-20,5WAY腰掛けファン,5WAY腰掛けファン,10000
2026-07-21,害虫ブロッカー,害虫ブロッカー,61000
2026-07-21,4WAY 取り付けOK 小型瞬間冷却ハンディファン,4WAY 取り付けOK 小型瞬間冷却ハンディファン,70000
2026-07-21,ナノガラス脱毛パッド,ナノガラス脱毛パッド２,50000
2026-07-21,形状記憶日傘,形状記憶日傘,35000
2026-07-21,形状記憶日傘,形状記憶日傘 _同時並行テスト,25000
2026-07-21,カタログ全部（テスト）,カタログ全部（テスト）,30000
2026-07-21,完全遮光・形状記憶・晴雨兼用・UV日傘,完全遮光・形状記憶・晴雨兼用・UV日傘,34000
2026-07-21,接触冷感UVパーカー,接触冷感UVパーカー,28000
2026-07-21,偏光・調光サングラス,偏光・調光サングラス,22000
2026-07-21,卓上冷感クーラー,卓上冷感クーラー,24000
2026-07-21,ディスペンサー,ディスペンサー0520類似5%,12000
2026-07-21,接触冷感UVアームカバー,接触冷感UVアームカバー,17000
2026-07-21,ムダ毛シェーバー,ムダ毛シェーバー,13000
2026-07-21,UV歯ブラシ除菌器,UV歯ブラシ除菌器 - コピー,13000
2026-07-21,健康サンダル,足裏ツボ ｖ２,13000
2026-07-21,湯上がりガーゼワンピース,湯上がりガーゼワンピース,6500
2026-07-21,携帯電動シェーバー,携帯電動シェーバー,11000
2026-07-21,瞬間冷感ポンチョ,瞬間冷感ポンチョ,13000
2026-07-21,バランスケアスリッパ,バランスケアスリッパ v2,10000
2026-07-21,3WAYサーキュレーター扇風機,3WAYサーキュレーター扇風機,13000
2026-07-21,害虫ブロッカー,害虫ブロッカー ０７１９,12000
2026-07-21,5WAY腰掛けファン,5WAY腰掛けファン,10000
2026-07-22,4WAY 取り付けOK 小型瞬間冷却ハンディファン,4WAY 取り付けOK 小型瞬間冷却ハンディファン,70000
2026-07-22,ナノガラス脱毛パッド,ナノガラス脱毛パッド２,50000
2026-07-22,形状記憶日傘,形状記憶日傘,35000
2026-07-22,形状記憶日傘,形状記憶日傘 _同時並行テスト,25000
2026-07-22,カタログ全部（テスト）,カタログ全部（テスト）,30000
2026-07-22,完全遮光・形状記憶・晴雨兼用・UV日傘,完全遮光・形状記憶・晴雨兼用・UV日傘,34000
2026-07-22,接触冷感UVパーカー,接触冷感UVパーカー,28000
2026-07-22,偏光・調光サングラス,偏光・調光サングラス,22000
2026-07-22,卓上冷感クーラー,卓上冷感クーラー,24000
2026-07-22,ディスペンサー,ディスペンサー0520類似5%,12000
2026-07-22,接触冷感UVアームカバー,接触冷感UVアームカバー,17000
2026-07-22,ムダ毛シェーバー,ムダ毛シェーバー,13000
2026-07-22,UV歯ブラシ除菌器,UV歯ブラシ除菌器 - コピー,13000
2026-07-22,健康サンダル,足裏ツボ ｖ２,13000
2026-07-22,湯上がりガーゼワンピース,湯上がりガーゼワンピース,6500
2026-07-22,携帯電動シェーバー,携帯電動シェーバー,11000
2026-07-22,瞬間冷感ポンチョ,瞬間冷感ポンチョ,13000
2026-07-22,バランスケアスリッパ,バランスケアスリッパ v2,10000
2026-07-22,3WAYサーキュレーター扇風機,3WAYサーキュレーター扇風機,13000
2026-07-22,害虫ブロッカー,害虫ブロッカー,61000
2026-07-22,害虫ブロッカー,害虫ブロッカー ０７１９,12000
2026-07-22,5WAY腰掛けファン,5WAY腰掛けファン,10000
2026-07-23,害虫ブロッカー,害虫ブロッカー,61000
2026-07-23,4WAY 取り付けOK 小型瞬間冷却ハンディファン,4WAY 取り付けOK 小型瞬間冷却ハンディファン,85000
2026-07-23,ナノガラス脱毛パッド,ナノガラス脱毛パッド２,50000
2026-07-23,ナノガラス脱毛パッド,ナノガラス脱毛パッド３（BC検証用）,10000
2026-07-23,形状記憶日傘,形状記憶日傘,35000
2026-07-23,形状記憶日傘,形状記憶日傘 _同時並行テスト,25000
2026-07-23,カタログ全部（テスト）,カタログ全部（テスト）,30000
2026-07-23,完全遮光・形状記憶・晴雨兼用・UV日傘,完全遮光・形状記憶・晴雨兼用・UV日傘,41000
2026-07-23,接触冷感UVパーカー,接触冷感UVパーカー,34000
2026-07-23,偏光・調光サングラス,偏光・調光サングラス,22000
2026-07-23,卓上冷感クーラー,卓上冷感クーラー,30000
2026-07-23,ディスペンサー,ディスペンサー0520類似5%,12000
2026-07-23,接触冷感UVアームカバー,接触冷感UVアームカバー,17000
2026-07-23,ムダ毛シェーバー,ムダ毛シェーバー,13000
2026-07-23,UV歯ブラシ除菌器,UV歯ブラシ除菌器 - コピー,10000
2026-07-23,健康サンダル,足裏ツボ ｖ２,13000
2026-07-23,湯上がりガーゼワンピース,湯上がりガーゼワンピース,6500
2026-07-23,携帯電動シェーバー,携帯電動シェーバー,11000
2026-07-23,瞬間冷感ポンチョ,瞬間冷感ポンチョ,13000
2026-07-23,バランスケアスリッパ,バランスケアスリッパ v2,5000
2026-07-23,3WAYサーキュレーター扇風機,3WAYサーキュレーター扇風機,16000
2026-07-23,害虫ブロッカー,害虫ブロッカー ０７１９,12000
2026-07-23,5WAY腰掛けファン,5WAY腰掛けファン,13000
2026-07-24,害虫ブロッカー,害虫ブロッカー,61000
2026-07-24,4WAY 取り付けOK 小型瞬間冷却ハンディファン,4WAY 取り付けOK 小型瞬間冷却ハンディファン,85000
2026-07-24,ナノガラス脱毛パッド,ナノガラス脱毛パッド２,50000
2026-07-24,ナノガラス脱毛パッド,ナノガラス脱毛パッド３（BC検証用）,10000
2026-07-24,形状記憶日傘,形状記憶日傘,35000
2026-07-24,形状記憶日傘,形状記憶日傘 _同時並行テスト,25000
2026-07-24,カタログ全部（テスト）,カタログ全部（テスト）,30000
2026-07-24,完全遮光・形状記憶・晴雨兼用・UV日傘,完全遮光・形状記憶・晴雨兼用・UV日傘,41000
2026-07-24,接触冷感UVパーカー,接触冷感UVパーカー,34000
2026-07-24,偏光・調光サングラス,偏光・調光サングラス,22000
2026-07-24,卓上冷感クーラー,卓上冷感クーラー,30000
2026-07-24,ディスペンサー,ディスペンサー0520類似5%,6000
2026-07-24,接触冷感UVアームカバー,接触冷感UVアームカバー,17000
2026-07-24,ムダ毛シェーバー,ムダ毛シェーバー,13000
2026-07-24,UV歯ブラシ除菌器,UV歯ブラシ除菌器 - コピー,10000
2026-07-24,健康サンダル,足裏ツボ ｖ２,13000
2026-07-24,湯上がりガーゼワンピース,湯上がりガーゼワンピース,6500
2026-07-24,携帯電動シェーバー,携帯電動シェーバー,11000
2026-07-24,瞬間冷感ポンチョ,瞬間冷感ポンチョ,13000
2026-07-24,バランスケアスリッパ,バランスケアスリッパ v2,5000
2026-07-24,3WAYサーキュレーター扇風機,3WAYサーキュレーター扇風機,16000
2026-07-24,害虫ブロッカー,害虫ブロッカー ０７１９,12000
2026-07-24,5WAY腰掛けファン,5WAY腰掛けファン,13000
2026-07-24,ディスペンサー,ディスペンサー０７２３,6000
2026-07-25,害虫ブロッカー,害虫ブロッカー,61000
2026-07-25,4WAY 取り付けOK 小型瞬間冷却ハンディファン,4WAY 取り付けOK 小型瞬間冷却ハンディファン,95000
2026-07-25,ナノガラス脱毛パッド,ナノガラス脱毛パッド２,50000
2026-07-25,ナノガラス脱毛パッド,ナノガラス脱毛パッド３（BC検証用）,10000
2026-07-25,形状記憶日傘,形状記憶日傘,35000
2026-07-25,形状記憶日傘,形状記憶日傘 _同時並行テスト,25000
2026-07-25,カタログ全部（テスト）,カタログ全部（テスト）,30000
2026-07-25,完全遮光・形状記憶・晴雨兼用・UV日傘,完全遮光・形状記憶・晴雨兼用・UV日傘,41000
2026-07-25,接触冷感UVパーカー,接触冷感UVパーカー,34000
2026-07-25,偏光・調光サングラス,偏光・調光サングラス,22000
2026-07-25,卓上冷感クーラー,卓上冷感クーラー,38000
2026-07-25,接触冷感UVアームカバー,接触冷感UVアームカバー,17000
2026-07-25,ムダ毛シェーバー,ムダ毛シェーバー,13000
2026-07-25,UV歯ブラシ除菌器,UV歯ブラシ除菌器 - コピー,10000
2026-07-25,健康サンダル,足裏ツボ ｖ２,13000
2026-07-25,湯上がりガーゼワンピース,湯上がりガーゼワンピース,6500
2026-07-25,携帯電動シェーバー,携帯電動シェーバー,11000
2026-07-25,瞬間冷感ポンチョ,瞬間冷感ポンチョ,13000
2026-07-25,バランスケアスリッパ,バランスケアスリッパ v2,5000
2026-07-25,3WAYサーキュレーター扇風機,3WAYサーキュレーター扇風機,16000
2026-07-25,害虫ブロッカー,害虫ブロッカー ０７１９,12000
2026-07-25,5WAY腰掛けファン,5WAY腰掛けファン,13000
2026-07-25,ディスペンサー,ディスペンサー０７２３,6000
2026-07-26,4WAY 取り付けOK 小型瞬間冷却ハンディファン,4WAY 取り付けOK 小型瞬間冷却ハンディファン,95000
2026-07-26,害虫ブロッカー,害虫ブロッカー,70000
2026-07-26,害虫ブロッカー,害虫ブロッカー ０７１９,15000
2026-07-26,形状記憶日傘,形状記憶日傘,35000
2026-07-26,形状記憶日傘,形状記憶日傘テスト,25000
2026-07-26,ナノガラス脱毛パッド,ナノガラス脱毛パッド２,55000
2026-07-26,ナノガラス脱毛パッド,ナノガラス脱毛パッド３（BC検証用）,13000
2026-07-26,完全遮光・形状記憶・晴雨兼用・UV日傘,完全遮光・形状記憶・晴雨兼用・UV日傘,41000
2026-07-26,カタログ全部（テスト）,カタログ全部（テスト）,30000
2026-07-26,卓上冷感クーラー,卓上冷感クーラー,38000
2026-07-26,偏光・調光サングラス,偏光・調光サングラス,22000
2026-07-26,接触冷感UVパーカー,接触冷感UVパーカー,34000
2026-07-26,接触冷感UVアームカバー,接触冷感UVアームカバー,17000
2026-07-26,3WAYサーキュレーター扇風機,3WAYサーキュレーター扇風機,16000
2026-07-26,ムダ毛シェーバー,ムダ毛シェーバー,13000
2026-07-26,健康サンダル,健康サンダル,13000
2026-07-26,瞬間冷感ポンチョ,瞬間冷感ポンチョ,13000
2026-07-26,5WAY腰掛けファン,5WAY腰掛けファン,13000
2026-07-26,ディスペンサー,ディスペンサー０７２３,6000
2026-07-26,携帯電動シェーバー,携帯電動シェーバー,11000
2026-07-26,UV歯ブラシ除菌器,UV歯ブラシ除菌器 - コピー,10000
2026-07-26,バランスケアスリッパ,バランスケアスリッパ v2,5000
2026-07-27,4WAY 取り付けOK 小型瞬間冷却ハンディファン,4WAY 取り付けOK 小型瞬間冷却ハンディファン,95000
2026-07-27,害虫ブロッカー,害虫ブロッカー,70000
2026-07-27,害虫ブロッカー,害虫ブロッカー ０７１９,15000
2026-07-27,ナノガラス脱毛パッド,ナノガラス脱毛パッド２,55000
2026-07-27,ナノガラス脱毛パッド,ナノガラス脱毛パッド３（BC検証用）,13000
2026-07-27,形状記憶日傘,形状記憶日傘,35000
2026-07-27,形状記憶日傘,形状記憶日傘 _同時並行テスト,25000
2026-07-27,完全遮光・形状記憶・晴雨兼用・UV日傘,完全遮光・形状記憶・晴雨兼用・UV日傘,41000
2026-07-27,卓上冷感クーラー,卓上冷感クーラー,38000
2026-07-27,接触冷感UVパーカー,接触冷感UVパーカー,34000
2026-07-27,カタログ全部（テスト）,カタログ全部（テスト）,30000
2026-07-27,偏光・調光サングラス,偏光・調光サングラス,22000
2026-07-27,接触冷感UVアームカバー,接触冷感UVアームカバー,17000
2026-07-27,3WAYサーキュレーター扇風機,3WAYサーキュレーター扇風機,16000
2026-07-27,ムダ毛シェーバー,ムダ毛シェーバー,13000
2026-07-27,5WAY腰掛けファン,5WAY腰掛けファン,13000
2026-07-27,健康サンダル,足裏ツボ ｖ２,13000
2026-07-27,瞬間冷感ポンチョ,瞬間冷感ポンチョ,13000
2026-07-27,携帯電動シェーバー,携帯電動シェーバー,11000
2026-07-27,UV歯ブラシ除菌器,UV歯ブラシ除菌器 - コピー,10000
2026-07-27,ディスペンサー,ディスペンサー０７２３,6000
2026-07-27,バランスケアスリッパ,バランスケアスリッパ v2,5000
2026-07-27,湯上がりガーゼワンピース,湯上がりガーゼワンピース,0
2026-07-28,4WAY 取り付けOK 小型瞬間冷却ハンディファン,4WAY 取り付けOK 小型瞬間冷却ハンディファン,85000
2026-07-28,害虫ブロッカー,害虫ブロッカー,70000
2026-07-28,害虫ブロッカー,害虫ブロッカー ０７１９,15000
2026-07-28,ナノガラス脱毛パッド,ナノガラス脱毛パッド２,55000
2026-07-28,ナノガラス脱毛パッド,ナノガラス脱毛パッド３（BC検証用）,13000
2026-07-28,形状記憶日傘,形状記憶日傘,35000
2026-07-28,形状記憶日傘,形状記憶日傘 _同時並行テスト,25000
2026-07-28,完全遮光・形状記憶・晴雨兼用・UV日傘,完全遮光・形状記憶・晴雨兼用・UV日傘,34000
2026-07-28,カタログ全部（テスト）,カタログ全部（テスト）,30000
2026-07-28,卓上冷感クーラー,卓上冷感クーラー,30000
2026-07-28,接触冷感UVパーカー,接触冷感UVパーカー,28000
2026-07-28,偏光・調光サングラス,偏光・調光サングラス,22000
2026-07-28,接触冷感UVアームカバー,接触冷感UVアームカバー,17000
2026-07-28,5WAY腰掛けファン,5WAY腰掛けファン,16250
2026-07-28,3WAYサーキュレーター扇風機,3WAYサーキュレーター扇風機,16000
2026-07-28,ムダ毛シェーバー,ムダ毛シェーバー,13000
2026-07-28,健康サンダル,足裏ツボ ｖ２,13000
2026-07-28,瞬間冷感ポンチョ,瞬間冷感ポンチョ,13000
2026-07-28,携帯電動シェーバー,携帯電動シェーバー,11000
2026-07-28,UV歯ブラシ除菌器,UV歯ブラシ除菌器 - コピー,10000
2026-07-28,ディスペンサー,ディスペンサー０７２３,6000
2026-07-28,バランスケアスリッパ,バランスケアスリッパ v2,5000
2026-07-29,4WAY 取り付けOK 小型瞬間冷却ハンディファン,4WAY 取り付けOK 小型瞬間冷却ハンディファン,85000
2026-07-29,害虫ブロッカー,害虫ブロッカー,70000
2026-07-29,害虫ブロッカー,害虫ブロッカー ０７１９,15000
2026-07-29,ナノガラス脱毛パッド,ナノガラス脱毛パッド２,55000
2026-07-29,ナノガラス脱毛パッド,ナノガラス脱毛パッド３（BC検証用）,13000
2026-07-29,形状記憶日傘,形状記憶日傘,35000
2026-07-29,形状記憶日傘,形状記憶日傘 _同時並行テスト,25000
2026-07-29,完全遮光・形状記憶・晴雨兼用・UV日傘,完全遮光・形状記憶・晴雨兼用・UV日傘,34000
2026-07-29,カタログ全部（テスト）,カタログ全部（テスト）,30000
2026-07-29,卓上冷感クーラー,卓上冷感クーラー,30000
2026-07-29,接触冷感UVパーカー,接触冷感UVパーカー,34000
2026-07-29,偏光・調光サングラス,偏光・調光サングラス,22000
2026-07-29,接触冷感UVアームカバー,接触冷感UVアームカバー,17000
2026-07-29,5WAY腰掛けファン,5WAY腰掛けファン,16250
2026-07-29,3WAYサーキュレーター扇風機,3WAYサーキュレーター扇風機,16000
2026-07-29,ムダ毛シェーバー,ムダ毛シェーバー,13000
2026-07-29,健康サンダル,足裏ツボ ｖ２,13000
2026-07-29,瞬間冷感ポンチョ,瞬間冷感ポンチョ,13000
2026-07-29,携帯電動シェーバー,携帯電動シェーバー,11000
2026-07-29,UV歯ブラシ除菌器,UV歯ブラシ除菌器 - コピー,10000
2026-07-29,ディスペンサー,ディスペンサー０７２３,6000
2026-07-29,バランスケアスリッパ,バランスケアスリッパ v2,5000
2026-07-29,湯上がりガーゼワンピース,湯上がりガーゼワンピース,0
2026-07-30,4WAY 取り付けOK 小型瞬間冷却ハンディファン,4WAY 取り付けOK 小型瞬間冷却ハンディファン,85000
2026-07-30,害虫ブロッカー,害虫ブロッカー,60000
2026-07-30,害虫ブロッカー,害虫ブロッカー ０７１９,12000
2026-07-30,ナノガラス脱毛パッド,ナノガラス脱毛パッド２,63000
2026-07-30,ナノガラス脱毛パッド,ナノガラス脱毛パッド３（BC検証用）,13000
2026-07-30,形状記憶日傘,形状記憶日傘,35000
2026-07-30,形状記憶日傘,形状記憶日傘 _同時並行テスト,25000
2026-07-30,完全遮光・形状記憶・晴雨兼用・UV日傘,完全遮光・形状記憶・晴雨兼用・UV日傘,34000
2026-07-30,カタログ全部（テスト）,カタログ全部（テスト）,30000
2026-07-30,卓上冷感クーラー,卓上冷感クーラー,30000
2026-07-30,接触冷感UVパーカー,接触冷感UVパーカー,34000
2026-07-30,偏光・調光サングラス,偏光・調光サングラス,22000
2026-07-30,接触冷感UVアームカバー,接触冷感UVアームカバー,17000
2026-07-30,5WAY腰掛けファン,5WAY腰掛けファン,16250
2026-07-30,3WAYサーキュレーター扇風機,3WAYサーキュレーター扇風機,16000
2026-07-30,ムダ毛シェーバー,ムダ毛シェーバー,13000
2026-07-30,健康サンダル,足裏ツボ ｖ２,13000
2026-07-30,瞬間冷感ポンチョ,瞬間冷感ポンチョ,13000
2026-07-30,携帯電動シェーバー,携帯電動シェーバー,11000
2026-07-30,UV歯ブラシ除菌器,UV歯ブラシ除菌器 - コピー,10000
2026-07-30,ディスペンサー,ディスペンサー０７２３,6000
2026-07-30,バランスケアスリッパ,バランスケアスリッパ v2,5000
2026-07-30,湯上がりガーゼワンピース,湯上がりガーゼワンピース,0
2026-07-31,4WAY 取り付けOK 小型瞬間冷却ハンディファン,4WAY 取り付けOK 小型瞬間冷却ハンディファン,85000
2026-07-31,ナノガラス脱毛パッド,ナノガラス脱毛パッド２,63000
2026-07-31,ナノガラス脱毛パッド,ナノガラス脱毛パッド３（BC検証用）,13000
2026-07-31,害虫ブロッカー,害虫ブロッカー,60000
2026-07-31,害虫ブロッカー,害虫ブロッカー ０７１９,12000
2026-07-31,形状記憶日傘,形状記憶日傘,35000
2026-07-31,形状記憶日傘,形状記憶日傘 _同時並行テスト,25000
2026-07-31,接触冷感UVパーカー,接触冷感UVパーカー,34000
2026-07-31,完全遮光・形状記憶・晴雨兼用・UV日傘,完全遮光・形状記憶・晴雨兼用・UV日傘,34000
2026-07-31,カタログ全部（テスト）,カタログ全部（テスト）,30000
2026-07-31,卓上冷感クーラー,卓上冷感クーラー,30000
2026-07-31,偏光・調光サングラス,偏光・調光サングラス,22000
2026-07-31,3WAYサーキュレーター扇風機,3WAYサーキュレーター扇風機,16000
2026-07-31,5WAY腰掛けファン,5WAY腰掛けファン,16250
2026-07-31,接触冷感UVアームカバー,接触冷感UVアームカバー,17000
2026-07-31,健康サンダル,足裏ツボ ｖ２,13000
2026-07-31,瞬間冷感ポンチョ,瞬間冷感ポンチョ,13000
2026-07-31,ムダ毛シェーバー,ムダ毛シェーバー,13000
2026-07-31,UV歯ブラシ除菌器,UV歯ブラシ除菌器 - コピー,10000
2026-07-31,携帯電動シェーバー,携帯電動シェーバー,11000
2026-07-31,ディスペンサー,ディスペンサー０７２３,6000
2026-07-31,バランスケアスリッパ,バランスケアスリッパ v2,5000
2026-07-31,湯上がりガーゼワンピース,湯上がりガーゼワンピース,0
