product_title,status,variant_title,unit_cost_jpy_asof_2026-07-22
3WAYサーキュレーター扇風機,ACTIVE,ベージュ,2484
3WAYサーキュレーター扇風機,ACTIVE,グレー,2484
3WAYサーキュレーター扇風機,ACTIVE,ブラウン,2484
3WAYサーキュレーター扇風機,ACTIVE,ホワイト,2484
4WAY 取り付けOK 小型瞬間冷却ハンディファン,ACTIVE,ブラック,1708
4WAY 取り付けOK 小型瞬間冷却ハンディファン,ACTIVE,ホワイト,1708
4WAY 取り付けOK 小型瞬間冷却ハンディファン,ACTIVE,ピンク,1708
4WAY 取り付けOK 小型瞬間冷却ハンディファン,ACTIVE,オレンジ,1708
5WAY腰掛けファン,ACTIVE,ブラック,1853
5WAY腰掛けファン,ACTIVE,ホワイト,1853
UV歯ブラシ除菌器,ACTIVE,ブラック,3605
UV歯ブラシ除菌器,ACTIVE,ホワイト,3605
オートソープディスペンサー,ACTIVE,Default Title,3269
ジェットウォッシャー,ACTIVE,グリーン,1612
ジェットウォッシャー,ACTIVE,ピンク,1612
ジェットウォッシャー,ACTIVE,ホワイト,1612
スタイルアップインナー,ACTIVE,シャドウブラック / S,1578
スタイルアップインナー,ACTIVE,シャドウブラック / M,1578
スタイルアップインナー,ACTIVE,シャドウブラック / L,1578
スタイルアップインナー,ACTIVE,シャドウブラック / 2L,1578
スタイルアップインナー,ACTIVE,アイボリーベージュ / S,1578
スタイルアップインナー,ACTIVE,アイボリーベージュ / M,1578
スタイルアップインナー,ACTIVE,アイボリーベージュ / L,1578
スタイルアップインナー,ACTIVE,アイボリーベージュ / 2L,1578
スマートノーズEMS美顔器,ACTIVE,Default Title,2489
ナノガラス脱毛パッド,ACTIVE,ピュアホワイト,747
ナノガラス脱毛パッド,ACTIVE,マットブラック,747
ナノガラス脱毛パッド,ACTIVE,セージグリーン,747
ナノガラス脱毛パッド,ACTIVE,ベイビーピンク,747
ナノバブルシャワーヘッド,ACTIVE,Default Title,2636
ネックマッサージャー,ACTIVE,Default Title,5553
バランスケアスリッパ,ACTIVE,ブラック,1288
バランスケアスリッパ,ACTIVE,グレー,1288
バランスケアスリッパ,ACTIVE,ピンク,1288
バランスケアスリッパ,ACTIVE,ローズレッド,1288
ムダ毛シェーバー,ACTIVE,ブラック,2800
ムダ毛シェーバー,ACTIVE,ブルー,2800
ムダ毛シェーバー,ACTIVE,ホワイト,2800
リカバリーサンダル,ACTIVE,ブラック / 25.0〜25.5cm,1484
リカバリーサンダル,ACTIVE,ブラック / 26.0〜26.5cm,1484
リカバリーサンダル,ACTIVE,ブラック / 27.0cm〜,1484
リカバリーサンダル,ACTIVE,グレー / 25.0〜25.5cm,1484
リカバリーサンダル,ACTIVE,グレー / 26.0〜26.5cm,1484
リカバリーサンダル,ACTIVE,グレー / 27.0cm〜,1484
リカバリーサンダル,ACTIVE,カーキ / 23.0〜23.5cm,1484
リカバリーサンダル,ACTIVE,カーキ / 24.0〜24.5cm,1484
リカバリーサンダル,ACTIVE,カーキ / 25.0〜25.5cm,1484
リカバリーサンダル,ACTIVE,カーキ / 26.0〜26.5cm,1484
リカバリーサンダル,ACTIVE,カーキ / 27.0cm〜,1484
リカバリーサンダル,ACTIVE,オレンジ / 23.0〜23.5cm,1484
リカバリーサンダル,ACTIVE,オレンジ / 24.0〜24.5cm,1484
リカバリーサンダル,ACTIVE,オレンジ / 25.0〜25.5cm,1484
リカバリーサンダル,ACTIVE,ピンク / 23.0〜23.5cm,1484
リカバリーサンダル,ACTIVE,ピンク / 24.0〜24.5cm,1484
リカバリーサンダル,ACTIVE,ピンク / 25.0〜25.5cm,1484
リカバリーサンダル,ACTIVE,ホワイト / 23.0〜23.5cm,1484
リカバリーサンダル,ACTIVE,ホワイト / 24.0〜24.5cm,1484
リカバリーサンダル,ACTIVE,ホワイト / 25.0〜25.5cm,1484
リカバリーサンダル,ACTIVE,イエロー / 23.0〜23.5cm,1484
リカバリーサンダル,ACTIVE,イエロー / 24.0〜24.5cm,1484
リカバリーサンダル,ACTIVE,イエロー / 25.0〜25.5cm,1484
保温プレート,ACTIVE,ホワイトベージュ,3952
偏光・調光サングラス,ACTIVE,ブラック,964
偏光・調光サングラス,ACTIVE,グレー,964
偏光・調光サングラス,ACTIVE,ブルー,964
偏光・調光サングラス,ACTIVE,ピンク,964
偏光・調光サングラス,ACTIVE,パープル,964
健康サンダル,ACTIVE,ブラック / 40or41,1208
健康サンダル,ACTIVE,ブラック / 42or43,1208
健康サンダル,ACTIVE,ブラック / 44or45,1208
健康サンダル,ACTIVE,グリーン / 35or36,1208
健康サンダル,ACTIVE,グリーン / 37or38,1208
健康サンダル,ACTIVE,グリーン / 39or40,1208
健康サンダル,ACTIVE,グレー / 40or41,1208
健康サンダル,ACTIVE,グレー / 42or43,1208
健康サンダル,ACTIVE,グレー / 44or45,1208
健康サンダル,ACTIVE,モカ / 35or36,1208
健康サンダル,ACTIVE,モカ / 37or38,1208
健康サンダル,ACTIVE,モカ / 39or40,1208
健康サンダル,ACTIVE,モカ / 40or41,1208
健康サンダル,ACTIVE,モカ / 42or43,1208
健康サンダル,ACTIVE,モカ / 44or45,1208
健康サンダル,ACTIVE,ピンク / 35or36,1208
健康サンダル,ACTIVE,ピンク / 37or38,1208
健康サンダル,ACTIVE,ピンク / 39or40,1208
優先配送,ACTIVE,Default Title,
卓上冷感クーラー,ACTIVE,Default Title,1971
壁掛けディスペンサー,ACTIVE,ブラック　3本セット,2441
壁掛けディスペンサー,ACTIVE,シルバー　3本セット,2441
壁掛けディスペンサー,ACTIVE,ホワイト 3本セット,2441
壁掛けディスペンサー,ACTIVE,透明（Transparent）　3本セット,2441
壁掛けディスペンサー,ACTIVE,ブラック　2本セット,1932
壁掛けディスペンサー,ACTIVE,シルバー　2本セット,1932
壁掛けディスペンサー,ACTIVE,ホワイト 2本セット,1932
壁掛けディスペンサー,ACTIVE,透明（Transparent）　2本セット,1932
姿勢サポートチェア,ACTIVE,ブラック,4103
姿勢サポートチェア,ACTIVE,淡いブルー（水色）,4103
姿勢サポートチェア,ACTIVE,ピンク,4103
姿勢サポートチェア,ACTIVE,濃いブルー（青色）,4103
姿勢サポートベルト,ACTIVE,ブラック / S,1491
姿勢サポートベルト,ACTIVE,ブラック / M,1509
姿勢サポートベルト,ACTIVE,ブラック / L,1530
姿勢サポートベルト,ACTIVE,ピンク / S,1518
姿勢サポートベルト,ACTIVE,ピンク / M,1536
姿勢サポートベルト,ACTIVE,ピンク / L,1557
完全遮光・形状記憶・晴雨兼用・UV日傘,ACTIVE,クリームゴールド,1292
完全遮光・形状記憶・晴雨兼用・UV日傘,ACTIVE,ライトブルー,1292
完全遮光・形状記憶・晴雨兼用・UV日傘,ACTIVE,ライトグリーン,1292
完全遮光・形状記憶・晴雨兼用・UV日傘,ACTIVE,ライトパープル,1292
完全遮光・接触冷感UVハット,ACTIVE,ブラック / M,2614
完全遮光・接触冷感UVハット,ACTIVE,ダークブルー / M,2614
完全遮光・接触冷感UVハット,ACTIVE,グレー / M,2614
完全遮光・接触冷感UVハット,ACTIVE,ライトブルー / M,2614
完全遮光・接触冷感UVハット,ACTIVE,ライトブラウン / M,2614
完全遮光・接触冷感UVハット,ACTIVE,ホワイト / M,2614
完全遮光・接触冷感UVハット,ACTIVE,イエロー / M,2614
完全遮光・接触冷感UVハット,ACTIVE,ダークブルー / L,2658
完全遮光・接触冷感UVハット,ACTIVE,グレー / L,2658
完全遮光・接触冷感UVハット,ACTIVE,ライトブルー / L,2658
完全遮光・接触冷感UVハット,ACTIVE,ライトブラウン / L,2658
完全遮光・接触冷感UVハット,ACTIVE,ホワイト / L,2658
完全遮光・接触冷感UVハット,ACTIVE,グレー / XL,2705
害虫ブロッカー,ACTIVE,ホワイト,856
害虫ブロッカー,ACTIVE,グリーン,856
形状記憶日傘,ACTIVE,クリームゴールド,1292
形状記憶日傘,ACTIVE,ライトブルー,1292
形状記憶日傘,ACTIVE,ライトグリーン,1292
形状記憶日傘,ACTIVE,ライトパープル,1292
接触冷感UVアームカバー,ACTIVE,ブラック×グレーベージュ,906
接触冷感UVアームカバー,ACTIVE,ブルーグレー×ホワイト,906
接触冷感UVアームカバー,ACTIVE,ダークグレー×オレンジ,906
接触冷感UVアームカバー,ACTIVE,グレーベージュ×ホワイト,906
接触冷感UVアームカバー,ACTIVE,ホワイト×ブルーグレー,906
接触冷感UVパーカー,ACTIVE,ホワイト / M,1392
接触冷感UVパーカー,ACTIVE,ホワイト / L,1392
接触冷感UVパーカー,ACTIVE,ホワイト / XL,1392
接触冷感UVパーカー,ACTIVE,ブラック / M,1392
接触冷感UVパーカー,ACTIVE,ブラック / L,1392
接触冷感UVパーカー,ACTIVE,ブラック / XL,1392
接触冷感UVパーカー,ACTIVE,ライトグレー / M,1392
接触冷感UVパーカー,ACTIVE,ライトグレー / L,1392
接触冷感UVパーカー,ACTIVE,ライトグレー / XL,1392
接触冷感UVパーカー,ACTIVE,ライトブルー / M,1392
接触冷感UVパーカー,ACTIVE,ライトブルー / L,1392
接触冷感UVパーカー,ACTIVE,ライトブルー / XL,1392
接触冷感UVパーカー,ACTIVE,ブルー / M,1392
接触冷感UVパーカー,ACTIVE,ブルー / L,1392
接触冷感UVパーカー,ACTIVE,ブルー / XL,1392
接触冷感UVパーカー,ACTIVE,グリーン / M,1392
接触冷感UVパーカー,ACTIVE,グリーン / L,1392
接触冷感UVパーカー,ACTIVE,グリーン / XL,1392
接触冷感UVパーカー,ACTIVE,カーキ / M,1392
接触冷感UVパーカー,ACTIVE,カーキ / L,1392
接触冷感UVパーカー,ACTIVE,カーキ / XL,1392
接触冷感UVパーカー,ACTIVE,イエロー / M,1392
接触冷感UVパーカー,ACTIVE,イエロー / L,1392
接触冷感UVパーカー,ACTIVE,イエロー / XL,1392
接触冷感UVパーカー,ACTIVE,ピンク / M,1392
接触冷感UVパーカー,ACTIVE,ピンク / L,1392
接触冷感UVパーカー,ACTIVE,ピンク / XL,1392
携帯電動シェーバー,ACTIVE,ブラック,1853
湯上がりガーゼワンピース,ACTIVE,ベージュ / フリーサイズ,2216
湯上がりガーゼワンピース,ACTIVE,ネイビー / フリーサイズ,2216
湯上がりガーゼワンピース,ACTIVE,ピンク / フリーサイズ,2216
湯上がりガーゼワンピース,ACTIVE,ライトブルー / フリーサイズ,2216
癒しの指圧マット,ACTIVE,ブラック,2384
癒しの指圧マット,ACTIVE,ブルー,2384
癒しの指圧マット,ACTIVE,フォレストグリーン,2384
癒しの指圧マット,ACTIVE,パープル,2384
癒しの指圧マット,ACTIVE,グリーン,2359
癒しの指圧マット,ACTIVE,ライトグリーン,2359
癒しの指圧マット,ACTIVE,オレンジ,2359
癒しの指圧マット,ACTIVE,レッド,2359
瞬間冷却ハンディファン,ACTIVE,ブラック,2256
瞬間冷却ハンディファン,ACTIVE,ホワイト,2119
瞬間冷感ポンチョ,ACTIVE,ブラック,1147
瞬間冷感ポンチョ,ACTIVE,グリーン,1147
瞬間冷感ポンチョ,ACTIVE,ライムグリーン,1147
瞬間冷感ポンチョ,ACTIVE,イエロー,1147
瞬間冷感ポンチョ,ACTIVE,グレー,1147
瞬間冷感ポンチョ,ACTIVE,キャメル,1147
瞬間冷感ポンチョ,ACTIVE,パープル,1147
瞬間冷感ポンチョ,ACTIVE,ローズピンク,1147
瞬間冷感ポンチョ,ACTIVE,ブルー,1147
UVハット（旧・無名商品）,DRAFT,レモンイエロー / Adjustable,989
UVハット（旧・無名商品）,DRAFT,ブラック / Adjustable,989
UVハット（旧・無名商品）,DRAFT,ベージュ / Adjustable,989
UVハット（旧・無名商品）,DRAFT,カーキ / Adjustable,989
ナノバブルシャワーヘッド (コピー),DRAFT,Default Title,2636
ナノバブルシャワーヘッド（旧・10万個表記）,DRAFT,Default Title,3952
ネックマッサージャー（DRAFT版）,DRAFT,Default Title,2636
ポータブルミキサー,DRAFT,グリーン,2527
ポータブルミキサー,DRAFT,オレンジ,2527
ポータブルミキサー,DRAFT,パープル,2527
ポータブルミキサー (コピー),DRAFT,グリーン,2527
ポータブルミキサー (コピー),DRAFT,オレンジ,2527
ポータブルミキサー (コピー),DRAFT,パープル,2527
ポータブルミキサー（Default流用）,DRAFT,Default Title,2636
マグネット壁掛けディスペンサー,DRAFT,Default Title,2636
保温プレート (20260228),DRAFT,Default Title,3952
保温プレート (コピー),DRAFT,Default Title,3952
偏光・調光サングラス（旧）,DRAFT,ブラック,831
偏光・調光サングラス（旧）,DRAFT,ブルー,729
偏光・調光サングラス（旧）,DRAFT,カラフル,729
偏光・調光サングラス（旧）,DRAFT,グリーン,729
偏光・調光サングラス（旧）,DRAFT,レッド,729
偏光・調光サングラス（旧）,DRAFT,シルバー,729
完全遮光フリル日傘,DRAFT,ベージュ,2731
完全遮光フリル日傘,DRAFT,ブラック,2731
完全遮光フリル日傘,DRAFT,ダークブルー,2731
完全遮光フリル日傘,DRAFT,ライトグリーン,2731
完全遮光フリル日傘,DRAFT,レイクブルー,2731
完全遮光フリル日傘,DRAFT,ライトパープル,2731
完全遮光フリル日傘,DRAFT,ミルキーホワイト,2731
完全遮光フリル日傘,DRAFT,ネイビーブルー,2731
完全遮光フリル日傘,DRAFT,ピンク,2731
ふわふわ裏起毛あったかソックス,UNLISTED,５個セット1,1967
ふわふわ裏起毛あったかソックス,UNLISTED,５個セット2,1967
ふわふわ裏起毛あったかソックス,UNLISTED,５個セット3,1967
ふわふわ裏起毛あったかソックス,UNLISTED,３個セット1,1711
ふわふわ裏起毛あったかソックス,UNLISTED,３個セット2,1711
ふわふわ裏起毛あったかソックス,UNLISTED,３個セット3,1711
多機能電動お掃除ブラシ,UNLISTED,緑　６つのブラシヘッド,3256
多機能電動お掃除ブラシ,UNLISTED,白　６つのブラシヘッド,3256
多機能電動お掃除ブラシ,UNLISTED,緑　９つのブラシヘッド,3518
多機能電動お掃除ブラシ,UNLISTED,白　９つのブラシヘッド,3518
形状記憶（空商品）,UNLISTED,Default Title,
磁気吸着式 充電式カイロ,UNLISTED,黒,2072
磁気吸着式 充電式カイロ,UNLISTED,緑,2072
磁気吸着式 充電式カイロ,UNLISTED,暖かい白,2072
電気ブランケット,UNLISTED,グレー,2492
コードレス布団クリーナー,ARCHIVED,ブルー,5339
コードレス布団クリーナー,ARCHIVED,パープル,5339
コードレス布団クリーナー,ARCHIVED,ホワイト,5339
