date,hour_jst,cost,clicks
2026-08-17,00,7105,85
2026-08-17,01,3354,36
2026-08-17,02,2461,25
2026-08-17,03,1751,21
2026-08-17,04,2030,32
2026-08-17,05,4833,48
2026-08-17,06,8479,107
2026-08-17,07,12420,164
2026-08-17,08,15086,180
2026-08-17,09,16507,186
2026-08-17,10,16200,169
2026-08-17,11,15757,199
2026-08-17,12,20209,224
2026-08-17,13,15356,206
2026-08-17,14,12684,166
2026-08-17,15,12746,157
2026-08-17,16,11691,137
2026-08-17,17,14027,135
2026-08-17,18,11593,131
2026-08-17,19,12950,137
2026-08-17,20,15532,185
2026-08-17,21,14465,171
2026-08-17,22,16134,182
2026-08-17,23,12954,141
2026-08-18,00,4708,64
2026-08-18,01,5771,46
2026-08-18,02,3939,51
2026-08-18,03,2526,28
2026-08-18,04,2362,31
2026-08-18,05,5982,65
2026-08-18,06,13980,155
2026-08-18,07,16246,224
2026-08-18,08,12843,175
2026-08-18,09,14286,185
2026-08-18,10,14452,171
2026-08-18,11,16875,173
2026-08-18,12,19981,189
2026-08-18,13,15171,135
2026-08-18,14,12710,116
2026-08-18,15,12748,121
2026-08-18,16,12246,100
2026-08-18,17,13062,132
2026-08-18,18,13315,127
2026-08-18,19,17665,156
2026-08-18,20,20657,226
2026-08-18,21,21343,204
2026-08-18,22,16676,165
2026-08-18,23,13903,136
2026-08-19,00,8928,74
2026-08-19,01,4392,41
2026-08-19,02,3355,31
2026-08-19,03,2980,31
2026-08-19,04,2763,25
2026-08-19,05,5301,51
2026-08-19,06,10876,125
2026-08-19,07,15684,169
2026-08-19,08,19087,183
2026-08-19,09,15309,152
2026-08-19,10,13271,117
2026-08-19,11,14844,143
2026-08-19,12,17798,185
2026-08-19,13,12630,122
2026-08-19,14,11859,108
2026-08-19,15,11383,101
2026-08-19,16,10575,110
2026-08-19,17,11488,126
2026-08-19,18,13721,127
2026-08-19,19,13412,129
2026-08-19,20,17384,182
2026-08-19,21,18293,178
2026-08-19,22,17727,189
2026-08-19,23,11320,112
2026-08-20,00,4656,49
2026-08-20,01,5204,48
2026-08-20,02,4388,33
2026-08-20,03,2893,30
2026-08-20,04,3515,31
2026-08-20,05,5648,69
2026-08-20,06,10973,137
2026-08-20,07,13977,132
2026-08-20,08,16380,134
2026-08-20,09,19480,205
2026-08-20,10,16941,162
2026-08-20,11,14431,140
2026-08-20,12,19159,192
2026-08-20,13,13800,153
2026-08-20,14,12152,101
2026-08-20,15,12236,116
2026-08-20,16,12042,138
2026-08-20,17,11148,110
2026-08-20,18,13803,122
2026-08-20,19,17664,196
2026-08-20,20,21913,218
2026-08-20,21,19104,219
2026-08-20,22,17365,193
2026-08-20,23,15942,145
2026-08-21,00,9251,85
2026-08-21,01,4664,42
2026-08-21,02,3071,31
2026-08-21,03,1908,22
2026-08-21,04,3024,31
2026-08-21,05,6817,54
2026-08-21,06,12846,137
2026-08-21,07,16786,147
2026-08-21,08,18805,196
2026-08-21,09,19415,176
2026-08-21,10,14357,135
2026-08-21,11,15634,155
2026-08-21,12,18434,187
2026-08-21,13,12841,132
2026-08-21,14,10377,93
2026-08-21,15,10322,100
2026-08-21,16,11301,110
2026-08-21,17,12456,124
2026-08-21,18,11512,114
2026-08-21,19,10845,116
2026-08-21,20,14798,166
2026-08-21,21,17158,173
2026-08-21,22,15868,165
2026-08-21,23,12126,127
2026-08-22,00,7883,70
2026-08-22,01,4155,44
2026-08-22,02,2748,27
2026-08-22,03,2421,21
2026-08-22,04,2406,26
2026-08-22,05,3679,25
2026-08-22,06,12524,129
2026-08-22,07,19206,248
2026-08-22,08,22829,244
2026-08-22,09,20400,250
2026-08-22,10,17109,196
2026-08-22,11,16822,204
2026-08-22,12,14504,172
2026-08-22,13,11132,116
2026-08-22,14,10529,126
2026-08-22,15,11938,153
2026-08-22,16,10242,119
2026-08-22,17,11202,108
2026-08-22,18,9635,120
2026-08-22,19,10450,118
2026-08-22,20,10397,90
2026-08-22,21,8250,89
2026-08-22,22,6658,96
2026-08-22,23,9217,110
2026-08-23,00,5979,60
2026-08-23,01,4025,63
2026-08-23,02,4604,49
2026-08-23,03,2527,20
2026-08-23,04,2145,25
2026-08-23,05,3570,27
2026-08-23,06,7398,77
2026-08-23,07,11780,125
2026-08-23,08,19090,196
2026-08-23,09,23468,260
2026-08-23,10,17676,181
2026-08-23,11,19243,197
2026-08-23,12,13635,162
2026-08-23,13,12736,139
2026-08-23,14,14021,167
2026-08-23,15,13158,133
2026-08-23,16,12806,137
2026-08-23,17,10193,97
2026-08-23,18,10362,106
2026-08-23,19,14142,156
2026-08-23,20,14517,186
2026-08-23,21,12997,147
2026-08-23,22,13180,171
2026-08-23,23,10012,113
2026-08-24,00,4201,44
2026-08-24,01,3535,38
2026-08-24,02,3034,21
2026-08-24,03,1861,20
2026-08-24,04,2247,25
2026-08-24,05,4192,25
2026-08-24,06,10115,98
2026-08-24,07,15196,184
2026-08-24,08,15762,166
2026-08-24,09,15014,182
2026-08-24,10,11574,135
2026-08-24,11,12186,149
2026-08-24,12,19050,201
2026-08-24,13,13020,153
2026-08-24,14,10663,116
2026-08-24,15,10565,138
2026-08-24,16,8272,88
2026-08-24,17,10973,130
2026-08-24,18,12771,158
2026-08-24,19,13530,153
2026-08-24,20,16753,190
2026-08-24,21,18188,199
2026-08-24,22,14638,156
2026-08-24,23,9626,120
2026-08-25,00,5341,62
2026-08-25,01,2197,15
2026-08-25,02,1987,22
2026-08-25,03,1987,20
2026-08-25,04,3104,19
2026-08-25,05,5268,50
2026-08-25,06,7215,103
2026-08-25,07,14347,154
2026-08-25,08,14465,168
2026-08-25,09,14681,168
2026-08-25,10,14519,182
2026-08-25,11,13411,159
2026-08-25,12,13033,142
2026-08-25,13,12774,159
2026-08-25,14,11202,138
2026-08-25,15,11451,124
2026-08-25,16,12088,172
2026-08-25,17,12325,141
2026-08-25,18,14524,134
2026-08-25,19,14330,172
2026-08-25,20,17491,189
2026-08-25,21,17910,218
2026-08-25,22,13714,194
2026-08-25,23,8690,118
2026-08-26,00,5610,49
2026-08-26,01,2920,31
2026-08-26,02,2008,16
2026-08-26,03,1574,15
2026-08-26,04,2104,23
2026-08-26,05,4158,36
2026-08-26,06,9311,102
2026-08-26,07,11588,120
2026-08-26,08,13889,182
2026-08-26,09,11749,147
2026-08-26,10,12241,138
2026-08-26,11,12336,134
2026-08-26,12,17436,198
2026-08-26,13,12085,127
2026-08-26,14,8163,106
2026-08-26,15,7296,83
2026-08-26,16,9069,86
2026-08-26,17,9855,101
2026-08-26,18,10420,93
2026-08-26,19,11744,119
2026-08-26,20,13303,146
2026-08-26,21,16478,183
2026-08-26,22,14053,164
2026-08-26,23,12154,120
2026-08-27,00,5720,52
2026-08-27,01,4648,45
2026-08-27,02,3164,32
2026-08-27,03,2321,25
2026-08-27,04,3092,30
2026-08-27,05,6636,54
2026-08-27,06,13806,158
2026-08-27,07,20549,204
2026-08-27,08,18936,206
2026-08-27,09,15795,167
2026-08-27,10,15229,135
2026-08-27,11,13956,142
2026-08-27,12,16881,187
2026-08-27,13,12244,134
2026-08-27,14,11838,125
2026-08-27,15,12422,128
2026-08-27,16,11247,117
2026-08-27,17,11675,110
2026-08-27,18,13147,138
2026-08-27,19,14148,172
2026-08-27,20,16317,169
2026-08-27,21,15023,144
2026-08-27,22,12153,125
2026-08-27,23,12551,148
2026-08-28,00,7663,66
2026-08-28,01,3009,33
2026-08-28,02,2460,19
2026-08-28,03,1890,19
2026-08-28,04,2571,25
2026-08-28,05,6707,68
2026-08-28,06,12643,144
2026-08-28,07,18236,199
2026-08-28,08,19442,239
2026-08-28,09,15328,197
2026-08-28,10,9891,149
2026-08-28,11,13030,129
2026-08-28,12,15518,184
2026-08-28,13,10348,133
2026-08-28,14,7764,69
2026-08-28,15,8093,104
2026-08-28,16,8379,94
2026-08-28,17,8449,91
2026-08-28,18,12140,135
2026-08-28,19,12379,156
2026-08-28,20,14023,193
2026-08-28,21,14716,189
2026-08-28,22,12024,116
2026-08-28,23,8633,72
2026-08-29,00,4784,45
2026-08-29,01,3557,34
2026-08-29,02,2933,33
2026-08-29,03,2188,11
2026-08-29,04,3019,35
2026-08-29,05,6446,86
2026-08-29,06,12457,200
2026-08-29,07,17567,245
2026-08-29,08,19517,254
2026-08-29,09,20629,323
2026-08-29,10,17247,244
2026-08-29,11,14888,235
2026-08-29,12,12310,163
2026-08-29,13,9671,142
2026-08-29,14,8133,136
2026-08-29,15,7383,99
2026-08-29,16,8928,117
2026-08-29,17,9589,147
2026-08-29,18,8200,122
2026-08-29,19,8503,117
2026-08-29,20,10915,156
2026-08-29,21,11740,177
2026-08-29,22,9413,119
2026-08-29,23,8475,109
2026-08-30,00,4932,37
2026-08-30,01,3198,34
2026-08-30,02,2398,23
2026-08-30,03,1965,17
2026-08-30,04,1986,19
2026-08-30,05,3552,39
2026-08-30,06,7922,103
2026-08-30,07,12388,161
2026-08-30,08,18977,210
2026-08-30,09,21144,263
2026-08-30,10,23104,275
2026-08-30,11,19635,212
2026-08-30,12,17311,215
2026-08-30,13,13752,168
2026-08-30,14,10767,118
2026-08-30,15,10141,118
2026-08-30,16,9724,135
2026-08-30,17,10631,138
2026-08-30,18,10178,127
2026-08-30,19,11627,157
2026-08-30,20,14363,183
2026-08-30,21,14017,175
2026-08-30,22,12149,146
2026-08-30,23,8697,86
2026-08-31,00,4354,48
2026-08-31,01,2562,27
2026-08-31,02,1925,17
2026-08-31,03,1547,13
2026-08-31,04,1900,24
2026-08-31,05,4500,43
2026-08-31,06,6581,79
2026-08-31,07,10310,134
2026-08-31,08,12301,139
2026-08-31,09,11878,142
2026-08-31,10,12077,172
2026-08-31,11,11207,150
2026-08-31,12,14967,170
2026-08-31,13,11254,115
2026-08-31,14,8746,111
2026-08-31,15,8247,116
2026-08-31,16,8560,103
