2026-08-01,UV歯ブラシ除菌器,10064
2026-08-01,W固定スマホ車載ホルダー,2365
2026-08-01,カタログ全部（テスト）,32957
2026-08-01,ディスペンサー,6065
2026-08-01,ナノガラス脱毛パッド,76081
2026-08-01,バランスケアスリッパ,4767
2026-08-01,ムダ毛シェーバー,14697
2026-08-01,偏光・調光サングラス,21865
2026-08-01,健康サンダル,13756
2026-08-01,卓上冷感クーラー,21881
2026-08-01,完全遮光・形状記憶・晴雨兼用・UV日傘,36903
2026-08-01,完全遮光・接触冷感UVハット,6826
2026-08-01,害虫ブロッカー,62279
2026-08-01,形状記憶日傘,64511
2026-08-01,接触冷感UVアームカバー,20364
2026-08-01,接触冷感UVパーカー,36987
2026-08-01,携帯電動シェーバー,9152
2026-08-01,瞬間冷感ポンチョ,11856
2026-08-01,3WAYサーキュレーター扇風機,17231
2026-08-01,4WAY 取り付けOK 小型瞬間冷却ハンディファン,72462
2026-08-01,5WAY腰掛けファン,17396
2026-08-02,UV歯ブラシ除菌器,12182
2026-08-02,W固定スマホ車載ホルダー,9546
2026-08-02,カタログ全部（テスト）,31920
2026-08-02,ディスペンサー,4145
2026-08-02,ナノガラス脱毛パッド,82160
2026-08-02,バランスケアスリッパ,5683
2026-08-02,ムダ毛シェーバー,17470
2026-08-02,偏光・調光サングラス,23265
2026-08-02,健康サンダル,14162
2026-08-02,卓上冷感クーラー,25891
2026-08-02,完全遮光・形状記憶・晴雨兼用・UV日傘,34976
2026-08-02,完全遮光・接触冷感UVハット,7047
2026-08-02,害虫ブロッカー,56486
2026-08-02,形状記憶日傘,58037
2026-08-02,接触冷感UVアームカバー,18509
2026-08-02,接触冷感UVパーカー,33957
2026-08-02,携帯電動シェーバー,11880
2026-08-02,瞬間冷感ポンチョ,14570
2026-08-02,3WAYサーキュレーター扇風機,17290
2026-08-02,4WAY 取り付けOK 小型瞬間冷却ハンディファン,76045
2026-08-02,5WAY腰掛けファン,19852
2026-08-03,UV歯ブラシ除菌器,10063
2026-08-03,W固定スマホ車載ホルダー,10521
2026-08-03,カタログ全部（テスト）,26172
2026-08-03,ナノガラス脱毛パッド,73011
2026-08-03,バランスケアスリッパ,4454
2026-08-03,ムダ毛シェーバー,17785
2026-08-03,偏光・調光サングラス,17291
2026-08-03,健康サンダル,11597
2026-08-03,卓上冷感クーラー,20751
2026-08-03,完全遮光・形状記憶・晴雨兼用・UV日傘,29255
2026-08-03,完全遮光・接触冷感UVハット,6757
2026-08-03,害虫ブロッカー,52756
2026-08-03,形状記憶日傘,54779
2026-08-03,接触冷感UVアームカバー,14851
2026-08-03,接触冷感UVパーカー,32833
2026-08-03,携帯電動シェーバー,9099
2026-08-03,瞬間冷感ポンチョ,11127
2026-08-03,3WAYサーキュレーター扇風機,14109
2026-08-03,4WAY 取り付けOK 小型瞬間冷却ハンディファン,56209
2026-08-03,5WAY腰掛けファン,18447
2026-08-04,UV歯ブラシ除菌器,3366
2026-08-04,W固定スマホ車載ホルダー,11079
2026-08-04,カタログ全部（テスト）,28413
2026-08-04,ナノガラス脱毛パッド,75432
2026-08-04,バランスケアスリッパ,4667
2026-08-04,ムダ毛シェーバー,18415
2026-08-04,偏光・調光サングラス,23008
2026-08-04,健康サンダル,12426
2026-08-04,卓上冷感クーラー,24734
2026-08-04,姿勢サポートチェア,11237
2026-08-04,完全遮光・形状記憶・晴雨兼用・UV日傘,33892
2026-08-04,完全遮光・接触冷感UVハット,7682
2026-08-04,害虫ブロッカー,58527
2026-08-04,形状記憶日傘,60602
2026-08-04,接触冷感UVアームカバー,15415
2026-08-04,接触冷感UVパーカー,32008
2026-08-04,携帯電動シェーバー,10147
2026-08-04,瞬間冷感ポンチョ,10375
2026-08-04,3WAYサーキュレーター扇風機,16706
2026-08-04,4WAY 取り付けOK 小型瞬間冷却ハンディファン,68806
2026-08-04,5WAY腰掛けファン,21627
2026-08-05,W固定スマホ車載ホルダー,12859
2026-08-05,カタログ全部（テスト）,22268
2026-08-05,ナノガラス脱毛パッド,74679
2026-08-05,バランスケアスリッパ,4440
2026-08-05,ムダ毛シェーバー,20276
2026-08-05,偏光・調光サングラス,20212
2026-08-05,健康サンダル,12739
2026-08-05,卓上冷感クーラー,20014
2026-08-05,姿勢サポートチェア,13609
2026-08-05,完全遮光・形状記憶・晴雨兼用・UV日傘,30585
2026-08-05,完全遮光・接触冷感UVハット,9147
2026-08-05,害虫ブロッカー,49491
2026-08-05,形状記憶日傘,33605
2026-08-05,接触冷感UVアームカバー,16040
2026-08-05,接触冷感UVパーカー,29661
2026-08-05,携帯電動シェーバー,11227
2026-08-05,瞬間冷感ポンチョ,9230
2026-08-05,3WAYサーキュレーター扇風機,13408
2026-08-05,4WAY 取り付けOK 小型瞬間冷却ハンディファン,58305
2026-08-05,5WAY腰掛けファン,14759
2026-08-06,W固定スマホ車載ホルダー,17380
2026-08-06,カタログ全部（テスト）,21206
2026-08-06,ナノガラス脱毛パッド,79654
2026-08-06,バランスケアスリッパ,5756
2026-08-06,ムダ毛シェーバー,18693
2026-08-06,偏光・調光サングラス,24255
2026-08-06,健康サンダル,4819
2026-08-06,卓上冷感クーラー,12432
2026-08-06,姿勢サポートチェア,9029
2026-08-06,完全遮光・形状記憶・晴雨兼用・UV日傘,29999
2026-08-06,完全遮光・接触冷感UVハット,6726
2026-08-06,害虫ブロッカー,39266
2026-08-06,形状記憶日傘,36392
2026-08-06,接触冷感UVアームカバー,13934
2026-08-06,接触冷感UVパーカー,29810
2026-08-06,携帯電動シェーバー,10243
2026-08-06,瞬間冷感ポンチョ,8564
2026-08-06,2WAYシートボックス,6413
2026-08-06,3WAYサーキュレーター扇風機,5602
2026-08-06,4WAY 取り付けOK 小型瞬間冷却ハンディファン,46280
2026-08-06,5WAY腰掛けファン,15360
2026-08-07,W固定スマホ車載ホルダー,21053
2026-08-07,カタログ全部（テスト）,22030
2026-08-07,ナノガラス脱毛パッド,82795
2026-08-07,バランスケアスリッパ,4584
2026-08-07,ムダ毛シェーバー,17959
2026-08-07,偏光・調光サングラス,21249
2026-08-07,卓上冷感クーラー,6901
2026-08-07,姿勢サポートチェア,8263
2026-08-07,完全遮光・形状記憶・晴雨兼用・UV日傘,23940
2026-08-07,完全遮光・接触冷感UVハット,9499
2026-08-07,害虫ブロッカー,38256
2026-08-07,形状記憶日傘,30188
2026-08-07,接触冷感UVアームカバー,8147
2026-08-07,接触冷感UVパーカー,25185
2026-08-07,携帯電動シェーバー,7173
2026-08-07,瞬間冷感ポンチョ,7967
2026-08-07,2WAYシートボックス,10810
2026-08-07,4WAY 取り付けOK 小型瞬間冷却ハンディファン,35681
2026-08-07,5WAY腰掛けファン,14920
2026-08-08,W固定スマホ車載ホルダー,19093
2026-08-08,カタログ全部（テスト）,23017
2026-08-08,ナノガラス脱毛パッド,89016
2026-08-08,バランスケアスリッパ,5372
2026-08-08,ムダ毛シェーバー,25008
2026-08-08,偏光・調光サングラス,24675
2026-08-08,卓上冷感クーラー,7387
2026-08-08,姿勢サポートチェア,10709
2026-08-08,完全遮光・形状記憶・晴雨兼用・UV日傘,27848
2026-08-08,完全遮光・接触冷感UVハット,8976
2026-08-08,害虫ブロッカー,54478
2026-08-08,形状記憶日傘,37103
2026-08-08,接触冷感UVアームカバー,7176
2026-08-08,接触冷感UVパーカー,31619
2026-08-08,携帯電動シェーバー,8414
2026-08-08,瞬間冷感ポンチョ,9407
2026-08-08,2WAYシートボックス,10959
2026-08-08,4WAY 取り付けOK 小型瞬間冷却ハンディファン,36431
2026-08-08,5WAY腰掛けファン,17367
2026-08-09,W固定スマホ車載ホルダー,29210
2026-08-09,カタログ全部（テスト）,24175
2026-08-09,ナノガラス脱毛パッド,86202
2026-08-09,バランスケアスリッパ,6471
2026-08-09,ムダ毛シェーバー,20325
2026-08-09,偏光・調光サングラス,24445
2026-08-09,卓上冷感クーラー,8111
2026-08-09,姿勢サポートチェア,12185
2026-08-09,完全遮光・形状記憶・晴雨兼用・UV日傘,31114
2026-08-09,完全遮光・接触冷感UVハット,9383
2026-08-09,害虫ブロッカー,49585
2026-08-09,形状記憶日傘,35710
2026-08-09,接触冷感UVアームカバー,9335
2026-08-09,接触冷感UVパーカー,32007
2026-08-09,携帯電動シェーバー,9702
2026-08-09,瞬間冷感ポンチョ,9577
2026-08-09,2WAYシートボックス,19592
2026-08-09,4WAY 取り付けOK 小型瞬間冷却ハンディファン,38809
2026-08-09,5WAY腰掛けファン,16620
2026-08-10,W固定スマホ車載ホルダー,34937
2026-08-10,カタログ全部（テスト）,21077
2026-08-10,ナノガラス脱毛パッド,69243
2026-08-10,バランスケアスリッパ,4513
2026-08-10,ムダ毛シェーバー,19552
2026-08-10,偏光・調光サングラス,18548
2026-08-10,卓上冷感クーラー,7129
2026-08-10,姿勢サポートチェア,8709
2026-08-10,完全遮光・形状記憶・晴雨兼用・UV日傘,18944
2026-08-10,完全遮光・接触冷感UVハット,12571
2026-08-10,害虫ブロッカー,45524
2026-08-10,形状記憶日傘,30837
2026-08-10,接触冷感UVアームカバー,7338
2026-08-10,接触冷感UVパーカー,26444
2026-08-10,携帯電動シェーバー,8118
2026-08-10,瞬間冷感ポンチョ,7739
2026-08-10,2WAYシートボックス,12370
2026-08-10,4WAY 取り付けOK 小型瞬間冷却ハンディファン,27995
2026-08-10,5WAY腰掛けファン,14286
2026-08-11,W固定スマホ車載ホルダー,31794
2026-08-11,カタログ全部（テスト）,26877
2026-08-11,ナノガラス脱毛パッド,87136
2026-08-11,バランスケアスリッパ,4429
2026-08-11,ムダ毛シェーバー,22286
2026-08-11,偏光・調光サングラス,19316
2026-08-11,卓上冷感クーラー,7796
2026-08-11,姿勢サポートチェア,11396
2026-08-11,完全遮光・形状記憶・晴雨兼用・UV日傘,19813
2026-08-11,完全遮光・接触冷感UVハット,12959
2026-08-11,害虫ブロッカー,46408
2026-08-11,形状記憶日傘,40751
2026-08-11,快適マジックインソール,2779
2026-08-11,接触冷感UVアームカバー,9046
2026-08-11,接触冷感UVパーカー,35279
2026-08-11,携帯電動シェーバー,5743
2026-08-11,瞬間冷感ポンチョ,3776
2026-08-11,2WAYシートボックス,13120
2026-08-11,4WAY 取り付けOK 小型瞬間冷却ハンディファン,23053
2026-08-11,5WAY腰掛けファン,15669
2026-08-12,W固定スマホ車載ホルダー,37287
2026-08-12,カタログ全部（テスト）,20421
2026-08-12,ナノガラス脱毛パッド,74299
2026-08-12,バランスケアスリッパ,4259
2026-08-12,ムダ毛シェーバー,16723
2026-08-12,偏光・調光サングラス,15638
2026-08-12,卓上冷感クーラー,5138
2026-08-12,姿勢サポートチェア,8940
2026-08-12,完全遮光・形状記憶・晴雨兼用・UV日傘,13260
2026-08-12,完全遮光・接触冷感UVハット,9853
2026-08-12,害虫ブロッカー,37665
2026-08-12,形状記憶日傘,29497
2026-08-12,快適マジックインソール,10153
2026-08-12,接触冷感UVアームカバー,6958
2026-08-12,接触冷感UVパーカー,24139
2026-08-12,携帯電動シェーバー,3951
2026-08-12,2WAYシートボックス,12493
2026-08-12,4WAY 取り付けOK 小型瞬間冷却ハンディファン,17474
2026-08-12,5WAY腰掛けファン,14047
2026-08-13,W固定スマホ車載ホルダー,32211
2026-08-13,カタログ全部（テスト）,22591
2026-08-13,ナノガラス脱毛パッド,74529
2026-08-13,バランスケアスリッパ,5428
2026-08-13,ムダ毛シェーバー,19094
2026-08-13,偏光・調光サングラス,15258
2026-08-13,卓上冷感クーラー,4735
2026-08-13,姿勢サポートチェア,9290
2026-08-13,完全遮光・形状記憶・晴雨兼用・UV日傘,14922
2026-08-13,完全遮光・接触冷感UVハット,10478
2026-08-13,害虫ブロッカー,35154
2026-08-13,形状記憶日傘,32429
2026-08-13,快適マジックインソール,12699
2026-08-13,接触冷感UVアームカバー,7608
2026-08-13,接触冷感UVパーカー,26386
2026-08-13,携帯電動シェーバー,581
2026-08-13,2WAYシートボックス,14916
2026-08-13,4WAY 取り付けOK 小型瞬間冷却ハンディファン,12896
2026-08-13,5WAY腰掛けファン,11891
2026-08-14,W固定スマホ車載ホルダー,34237
2026-08-14,カタログ全部（テスト）,20730
2026-08-14,ナノガラス脱毛パッド,76208
2026-08-14,バランスケアスリッパ,4629
2026-08-14,ムダ毛シェーバー,18354
2026-08-14,偏光・調光サングラス,14873
2026-08-14,卓上冷感クーラー,735
2026-08-14,姿勢サポートチェア,9624
2026-08-14,完全遮光・形状記憶・晴雨兼用・UV日傘,16390
2026-08-14,完全遮光・接触冷感UVハット,13375
2026-08-14,害虫ブロッカー,35323
2026-08-14,形状記憶日傘,36537
2026-08-14,快適マジックインソール,10196
2026-08-14,接触冷感UVアームカバー,7985
2026-08-14,接触冷感UVパーカー,30194
2026-08-14,2WAYシートボックス,16060
2026-08-14,4WAY 取り付けOK 小型瞬間冷却ハンディファン,9168
2026-08-14,5WAY腰掛けファン,8974
2026-08-15,W固定スマホ車載ホルダー,31246
2026-08-15,カタログ全部（テスト）,23961
2026-08-15,ナノガラス脱毛パッド,91904
2026-08-15,ナノバブルシャワーヘッド,6186
2026-08-15,バランスケアスリッパ,5269
2026-08-15,ムダ毛シェーバー,23165
2026-08-15,偏光・調光サングラス,16895
2026-08-15,姿勢サポートチェア,9787
2026-08-15,完全遮光・形状記憶・晴雨兼用・UV日傘,16455
2026-08-15,完全遮光・接触冷感UVハット,11174
2026-08-15,害虫ブロッカー,24676
2026-08-15,形状記憶日傘,38910
2026-08-15,快適マジックインソール,11086
2026-08-15,接触冷感UVアームカバー,7504
2026-08-15,接触冷感UVパーカー,19720
2026-08-15,2WAYシートボックス,12162
2026-08-15,4WAY 取り付けOK 小型瞬間冷却ハンディファン,7638
2026-08-15,5WAY腰掛けファン,6939
2026-08-16,W固定スマホ車載ホルダー,45136
2026-08-16,カタログ全部（テスト）,25690
2026-08-16,ナノガラス脱毛パッド,87771
2026-08-16,ナノバブルシャワーヘッド,4513
2026-08-16,バランスケアスリッパ,6313
2026-08-16,ムダ毛シェーバー,22798
2026-08-16,偏光・調光サングラス,20201
2026-08-16,姿勢サポートチェア,11644
2026-08-16,完全遮光・形状記憶・晴雨兼用・UV日傘,18139
2026-08-16,完全遮光・接触冷感UVハット,13548
2026-08-16,形状記憶日傘,36915
2026-08-16,快適マジックインソール,13387
2026-08-16,接触冷感UVアームカバー,9020
2026-08-16,接触冷感UVパーカー,26192
2026-08-16,高吸水・速乾ヘアドライタオル,4093
2026-08-16,2WAYシートボックス,17486
2026-08-16,4WAY 取り付けOK 小型瞬間冷却ハンディファン,10823
2026-08-16,5WAY腰掛けファン,9001
2026-08-17,W固定スマホ車載ホルダー,31883
2026-08-17,カタログ全部（テスト）,19302
2026-08-17,ナノガラス脱毛パッド,65960
2026-08-17,バランスケアスリッパ,4953
2026-08-17,ムダ毛シェーバー,16594
2026-08-17,偏光・調光サングラス,13501
2026-08-17,姿勢サポートチェア,8584
2026-08-17,完全遮光・形状記憶・晴雨兼用・UV日傘,10482
2026-08-17,完全遮光・接触冷感UVハット,9895
2026-08-17,形状記憶日傘,28628
2026-08-17,快適マジックインソール,10352
2026-08-17,接触冷感UVアームカバー,6908
2026-08-17,接触冷感UVパーカー,19425
2026-08-17,高吸水・速乾ヘアドライタオル,6571
2026-08-17,2WAYシートボックス,12387
2026-08-17,4WAY 取り付けOK 小型瞬間冷却ハンディファン,7529
2026-08-17,5WAY腰掛けファン,3370
2026-08-18,W固定スマホ車載ホルダー,35549
2026-08-18,カタログ全部（テスト）,22972
2026-08-18,ナノガラス脱毛パッド,81946
2026-08-18,バランスケアスリッパ,4631
2026-08-18,ムダ毛シェーバー,22489
2026-08-18,偏光・調光サングラス,16314
2026-08-18,姿勢サポートチェア,9011
2026-08-18,完全遮光・形状記憶・晴雨兼用・UV日傘,2641
2026-08-18,完全遮光・接触冷感UVハット,11420
2026-08-18,形状記憶日傘,38021
2026-08-18,快適マジックインソール,17821
2026-08-18,接触冷感UVアームカバー,7436
2026-08-18,接触冷感UVパーカー,9937
2026-08-18,高吸水・速乾ヘアドライタオル,5
2026-08-18,2WAYシートボックス,14985
2026-08-18,4WAY 取り付けOK 小型瞬間冷却ハンディファン,8269
2026-08-19,W固定スマホ車載ホルダー,32858
2026-08-19,カタログ全部（テスト）,24994
2026-08-19,ナノガラス脱毛パッド,76198
2026-08-19,バランスケアスリッパ,4752
2026-08-19,ムダ毛シェーバー,20559
2026-08-19,偏光・調光サングラス,17864
2026-08-19,姿勢サポートチェア,11340
2026-08-19,完全遮光・接触冷感UVハット,11599
2026-08-19,形状記憶日傘,32116
2026-08-19,快適マジックインソール,13323
2026-08-19,接触冷感UVアームカバー,8309
2026-08-19,接触冷感UVパーカー,6613
2026-08-19,1秒折り畳みチェア,1571
2026-08-19,2WAYシートボックス,14645
2026-08-19,4WAY 取り付けOK 小型瞬間冷却ハンディファン,7639
2026-08-20,W固定スマホ車載ホルダー,36862
2026-08-20,カタログ全部（テスト）,22834
2026-08-20,ナノガラス脱毛パッド,82904
2026-08-20,バランスケアスリッパ,5713
2026-08-20,ムダ毛シェーバー,18559
2026-08-20,偏光・調光サングラス,15816
2026-08-20,姿勢サポートチェア,12091
2026-08-20,完全遮光・接触冷感UVハット,14603
2026-08-20,形状記憶日傘,33964
2026-08-20,快適マジックインソール,17792
2026-08-20,接触冷感UVアームカバー,8679
2026-08-20,接触冷感UVパーカー,2520
2026-08-20,1秒折り畳みチェア,4133
2026-08-20,2WAYシートボックス,14290
2026-08-20,3D足臭リセットブラシ,4058
2026-08-20,4WAY 取り付けOK 小型瞬間冷却ハンディファン,9996
2026-08-21,W固定スマホ車載ホルダー,37573
2026-08-21,カタログ全部（テスト）,19255
2026-08-21,ナノガラス脱毛パッド,81428
2026-08-21,バランスケアスリッパ,6231
2026-08-21,ムダ毛シェーバー,21106
2026-08-21,偏光・調光サングラス,14520
2026-08-21,姿勢サポートチェア,11129
2026-08-21,完全遮光・接触冷感UVハット,9598
2026-08-21,形状記憶日傘,27230
2026-08-21,快適マジックインソール,16927
2026-08-21,接触冷感UVアームカバー,6881
2026-08-21,2WAYシートボックス,15019
2026-08-21,3D足臭リセットブラシ,9128
2026-08-21,4WAY 取り付けOK 小型瞬間冷却ハンディファン,8591
2026-08-22,W固定スマホ車載ホルダー,33564
2026-08-22,カタログ全部（テスト）,16739
2026-08-22,ナノガラス脱毛パッド,76267
2026-08-22,バランスケアスリッパ,4828
2026-08-22,ムダ毛シェーバー,17572
2026-08-22,偏光・調光サングラス,12018
2026-08-22,姿勢サポートチェア,10300
2026-08-22,完全遮光・接触冷感UVハット,7357
2026-08-22,形状記憶日傘,24825
2026-08-22,快適マジックインソール,16360
2026-08-22,接触冷感UVアームカバー,5709
2026-08-22,2WAYシートボックス,12581
2026-08-22,3D足臭リセットブラシ,9418
2026-08-22,4WAY 取り付けOK 小型瞬間冷却ハンディファン,8798
2026-08-23,W固定スマホ車載ホルダー,34310
2026-08-23,むくみ取りかっさ,1819
2026-08-23,カタログ全部（テスト）,17239
2026-08-23,ナノガラス脱毛パッド,84728
2026-08-23,バランスケアスリッパ,6346
2026-08-23,ムダ毛シェーバー,19335
2026-08-23,偏光・調光サングラス,13592
2026-08-23,姿勢サポートチェア,11933
2026-08-23,完全遮光・接触冷感UVハット,7801
2026-08-23,形状記憶日傘,25955
2026-08-23,快適マジックインソール,19322
2026-08-23,接触冷感UVアームカバー,2709
2026-08-23,2WAYシートボックス,13767
2026-08-23,3D足臭リセットブラシ,10322
2026-08-23,4WAY 取り付けOK 小型瞬間冷却ハンディファン,4086
2026-08-24,W固定スマホ車載ホルダー,34537
2026-08-24,むくみ取りかっさ,11102
2026-08-24,カタログ全部（テスト）,17133
2026-08-24,ナノガラス脱毛パッド,76329
2026-08-24,バランスケアスリッパ,5699
2026-08-24,ムダ毛シェーバー,17768
2026-08-24,偏光・調光サングラス,10975
2026-08-24,姿勢サポートチェア,12114
2026-08-24,完全遮光・接触冷感UVハット,8200
2026-08-24,形状記憶日傘,18767
2026-08-24,快適マジックインソール,22266
2026-08-24,2WAYシートボックス,11668
2026-08-24,3D足臭リセットブラシ,10408
2026-08-25,W固定スマホ車載ホルダー,32973
2026-08-25,むくみ取りかっさ,11772
2026-08-25,カタログ全部（テスト）,17399
2026-08-25,カタログ全部（テスト） 夏以外,158
2026-08-25,ナノガラス脱毛パッド,81263
2026-08-25,ナノバブルシャワーヘッド,2043
2026-08-25,バランスケアスリッパ,7318
2026-08-25,ムダ毛シェーバー,15211
2026-08-25,偏光・調光サングラス,8273
2026-08-25,姿勢サポートチェア,12936
2026-08-25,完全遮光・接触冷感UVハット,8527
2026-08-25,形状記憶日傘,11988
2026-08-25,快適マジックインソール,22164
2026-08-25,2WAYシートボックス,14320
2026-08-25,3D足臭リセットブラシ,11709
2026-08-26,W固定スマホ車載ホルダー,33006
2026-08-26,むくみ取りかっさ,10496
2026-08-26,カタログ全部（テスト）,13779
2026-08-26,カタログ全部（テスト） 夏以外,4010
2026-08-26,ナノガラス脱毛パッド,70485
2026-08-26,ナノバブルシャワーヘッド,7627
2026-08-26,バランスケアスリッパ,10073
2026-08-26,ムダ毛シェーバー,15224
2026-08-26,偏光・調光サングラス,7289
2026-08-26,姿勢サポートチェア,11327
2026-08-26,完全遮光・接触冷感UVハット,7874
2026-08-26,快適マジックインソール,19086
2026-08-26,2WAYシートボックス,11592
2026-08-26,3D足臭リセットブラシ,9676
2026-08-27,W固定スマホ車載ホルダー,40959
2026-08-27,むくみ取りかっさ,9553
2026-08-27,カタログ全部（テスト）,18341
2026-08-27,カタログ全部（テスト） 夏以外,1912
2026-08-27,ナノガラス脱毛パッド,93276
2026-08-27,ナノバブルシャワーヘッド,9869
2026-08-27,バランスケアスリッパ,10563
2026-08-27,ムダ毛シェーバー,19851
2026-08-27,偏光・調光サングラス,7204
2026-08-27,姿勢サポートチェア,12531
2026-08-27,完全遮光・接触冷感UVハット,8480
2026-08-27,快適マジックインソール,28324
2026-08-27,2WAYシートボックス,14382
2026-08-27,3D足臭リセットブラシ,8253
2026-08-28,W固定スマホ車載ホルダー,33894
2026-08-28,むくみ取りかっさ,8089
2026-08-28,カタログ全部（テスト）,18914
2026-08-28,ナノガラス脱毛パッド,76183
2026-08-28,ナノバブルシャワーヘッド,6849
2026-08-28,バランスケアスリッパ,10080
2026-08-28,ビジュアル耳かき,3328
2026-08-28,ムダ毛シェーバー,16583
2026-08-28,偏光・調光サングラス,6509
2026-08-28,姿勢サポートチェア,12319
2026-08-28,完全遮光・接触冷感UVハット,7808
2026-08-28,快適マジックインソール,24420
2026-08-28,2WAYシートボックス,12604
2026-08-28,3D足臭リセットブラシ,7756
