src_id,src,rank,rec_id,rec_title,rec_price
9200652419314,快適マジックインソール,1,9030597509362,【本日終了⏰】【累計15万台突破🏆】LOOTY 形状記憶日傘【顧客満足度No.1獲得商品🥇】【全国送料無料🚗】,498000
9200652419314,快適マジックインソール,2,9056544817394,【本日終了⏰】【累計15万台突破🏆】LOOTY ナノガラス脱毛パッド【顧客満足度No.1獲得商品🥇】【全国送料無料🚗】,398000
9200652419314,快適マジックインソール,3,9101154353394,【本日終了⏰】【累計15万台突破🏆】LOOTY 4WAY 取り付けOK 小型瞬間冷却ハンディファン【顧客満足度No.1獲得商品🥇】【全国送料無料🚗】,498000
9200652419314,快適マジックインソール,4,9133240844530,【本日終了⏰】【累計15万台突破🏆】LOOTY 害虫ブロッカー【顧客満足度No.1獲得商品🥇】【全国送料無料🚗】,398000
9200652419314,快適マジックインソール,5,9083813888242,【本日終了⏰】【累計15万台突破🏆】LOOTY接触冷感UVパーカー【顧客満足度No.1獲得商品🥇】【全国送料無料🚗】,498000
9200652419314,快適マジックインソール,6,9055404097778,【本日終了⏰】【累計15万台突破🏆】LOOTY 完全遮光・形状記憶・晴雨兼用・UV日傘【顧客満足度No.1獲得商品🥇】【全国送料無料🚗】,498000
9200652419314,快適マジックインソール,7,9103526691058,【本日終了⏰】【累計15万台突破🏆】LOOTY 偏光・調光サングラス【顧客満足度No.1獲得商品🥇】【全国送料無料🚗】,398000
9200652419314,快適マジックインソール,8,9011173589234,【本日終了⏰】【累計15万台突破🏆】LOOTY健康サンダル【顧客満足度No.1獲得商品🥇】【全国送料無料🚗】,498000
9200652419314,快適マジックインソール,9,9012820967666,【本日終了⏰】【累計15万台突破🏆】LOOTYバランスケアスリッパ【顧客満足度No.1獲得商品🥇】【全国送料無料🚗】,498000
9200652419314,快適マジックインソール,10,8999289651442,【本日終了⏰】【累計15万台突破🏆】LOOTY壁掛けディスペンサー【顧客満足度No.1獲得商品🥇】【全国送料無料🚗】,698000
9184429736178,W固定スマホ車載ホルダー,1,9196746178802,【本日終了⏰】【累計15万台突破🏆】LOOTY 2WAYシートボックス【顧客満足度No.1獲得商品🥇】【全国送料無料🚗】,498000
9184429736178,W固定スマホ車載ホルダー,2,9101154353394,【本日終了⏰】【累計15万台突破🏆】LOOTY 4WAY 取り付けOK 小型瞬間冷却ハンディファン【顧客満足度No.1獲得商品🥇】【全国送料無料🚗】,498000
9184429736178,W固定スマホ車載ホルダー,3,9030597509362,【本日終了⏰】【累計15万台突破🏆】LOOTY 形状記憶日傘【顧客満足度No.1獲得商品🥇】【全国送料無料🚗】,498000
9184429736178,W固定スマホ車載ホルダー,4,9056544817394,【本日終了⏰】【累計15万台突破🏆】LOOTY ナノガラス脱毛パッド【顧客満足度No.1獲得商品🥇】【全国送料無料🚗】,398000
9184429736178,W固定スマホ車載ホルダー,5,9133240844530,【本日終了⏰】【累計15万台突破🏆】LOOTY 害虫ブロッカー【顧客満足度No.1獲得商品🥇】【全国送料無料🚗】,398000
9184429736178,W固定スマホ車載ホルダー,6,9083813888242,【本日終了⏰】【累計15万台突破🏆】LOOTY接触冷感UVパーカー【顧客満足度No.1獲得商品🥇】【全国送料無料🚗】,498000
9184429736178,W固定スマホ車載ホルダー,7,9055404097778,【本日終了⏰】【累計15万台突破🏆】LOOTY 完全遮光・形状記憶・晴雨兼用・UV日傘【顧客満足度No.1獲得商品🥇】【全国送料無料🚗】,498000
9184429736178,W固定スマホ車載ホルダー,8,9103526691058,【本日終了⏰】【累計15万台突破🏆】LOOTY 偏光・調光サングラス【顧客満足度No.1獲得商品🥇】【全国送料無料🚗】,398000
9184429736178,W固定スマホ車載ホルダー,9,9011173589234,【本日終了⏰】【累計15万台突破🏆】LOOTY健康サンダル【顧客満足度No.1獲得商品🥇】【全国送料無料🚗】,498000
9184429736178,W固定スマホ車載ホルダー,10,9012820967666,【本日終了⏰】【累計15万台突破🏆】LOOTYバランスケアスリッパ【顧客満足度No.1獲得商品🥇】【全国送料無料🚗】,498000
9196746178802,2WAYシートボックス,1,9184429736178,【本日終了⏰】【累計15万台突破🏆】LOOTY W固定スマホ車載ホルダー【顧客満足度No.1獲得商品🥇】【全国送料無料🚗】,398000
9196746178802,2WAYシートボックス,2,9101154353394,【本日終了⏰】【累計15万台突破🏆】LOOTY 4WAY 取り付けOK 小型瞬間冷却ハンディファン【顧客満足度No.1獲得商品🥇】【全国送料無料🚗】,498000
9196746178802,2WAYシートボックス,3,9030597509362,【本日終了⏰】【累計15万台突破🏆】LOOTY 形状記憶日傘【顧客満足度No.1獲得商品🥇】【全国送料無料🚗】,498000
9196746178802,2WAYシートボックス,4,9056544817394,【本日終了⏰】【累計15万台突破🏆】LOOTY ナノガラス脱毛パッド【顧客満足度No.1獲得商品🥇】【全国送料無料🚗】,398000
9196746178802,2WAYシートボックス,5,9133240844530,【本日終了⏰】【累計15万台突破🏆】LOOTY 害虫ブロッカー【顧客満足度No.1獲得商品🥇】【全国送料無料🚗】,398000
9196746178802,2WAYシートボックス,6,9083813888242,【本日終了⏰】【累計15万台突破🏆】LOOTY接触冷感UVパーカー【顧客満足度No.1獲得商品🥇】【全国送料無料🚗】,498000
9196746178802,2WAYシートボックス,7,9055404097778,【本日終了⏰】【累計15万台突破🏆】LOOTY 完全遮光・形状記憶・晴雨兼用・UV日傘【顧客満足度No.1獲得商品🥇】【全国送料無料🚗】,498000
9196746178802,2WAYシートボックス,8,9103526691058,【本日終了⏰】【累計15万台突破🏆】LOOTY 偏光・調光サングラス【顧客満足度No.1獲得商品🥇】【全国送料無料🚗】,398000
9196746178802,2WAYシートボックス,9,9011173589234,【本日終了⏰】【累計15万台突破🏆】LOOTY健康サンダル【顧客満足度No.1獲得商品🥇】【全国送料無料🚗】,498000
9196746178802,2WAYシートボックス,10,9012820967666,【本日終了⏰】【累計15万台突破🏆】LOOTYバランスケアスリッパ【顧客満足度No.1獲得商品🥇】【全国送料無料🚗】,498000
9056544817394,ナノガラス脱毛パッド,1,9161440428274,【本日終了⏰】【累計15万台突破🏆】LOOTY ムダ毛シェーバー【顧客満足度No.1獲得商品🥇】【全国送料無料🚗】,698000
9056544817394,ナノガラス脱毛パッド,2,9101154353394,【本日終了⏰】【累計15万台突破🏆】LOOTY 4WAY 取り付けOK 小型瞬間冷却ハンディファン【顧客満足度No.1獲得商品🥇】【全国送料無料🚗】,498000
9056544817394,ナノガラス脱毛パッド,3,9150222172402,【本日終了⏰】【累計15万台突破🏆】LOOTY 携帯電動シェーバー【顧客満足度No.1獲得商品🥇】【全国送料無料🚗】,498000
9056544817394,ナノガラス脱毛パッド,4,9030597509362,【本日終了⏰】【累計15万台突破🏆】LOOTY 形状記憶日傘【顧客満足度No.1獲得商品🥇】【全国送料無料🚗】,498000
9056544817394,ナノガラス脱毛パッド,5,9035423678706,【本日終了⏰】【累計15万台突破🏆】LOOTY 癒しの指圧マット【顧客満足度No.1獲得商品🥇】【全国送料無料🚗】,598000
9056544817394,ナノガラス脱毛パッド,6,9133240844530,【本日終了⏰】【累計15万台突破🏆】LOOTY 害虫ブロッカー【顧客満足度No.1獲得商品🥇】【全国送料無料🚗】,398000
9056544817394,ナノガラス脱毛パッド,7,9143404429554,【本日終了⏰】【累計15万台突破🏆】LOOTY スマートノーズEMS美顔器【顧客満足度No.1獲得商品🥇】【全国送料無料🚗】,598000
9056544817394,ナノガラス脱毛パッド,8,9039335522546,【本日終了⏰】【累計15万台突破🏆】LOOTY 瞬間冷却ハンディファン【顧客満足度No.1獲得商品🥇】【全国送料無料🚗】,598000
9056544817394,ナノガラス脱毛パッド,9,9028960616690,【本日終了⏰】【累計15万台突破🏆】LOOTY ジェットウォッシャー【顧客満足度No.1獲得商品🥇】【全国送料無料🚗】,498000
9056544817394,ナノガラス脱毛パッド,10,9011173589234,【本日終了⏰】【累計15万台突破🏆】LOOTY健康サンダル【顧客満足度No.1獲得商品🥇】【全国送料無料🚗】,498000
8999289651442,壁掛けディスペンサー,1,9036053348594,【本日終了⏰】【累計15万台突破🏆】LOOTY UV歯ブラシ除菌器【顧客満足度No.1獲得商品🥇】【全国送料無料🚗】,898000
8999289651442,壁掛けディスペンサー,2,9005744095474,【本日終了⏰】【累計15万台突破🏆】LOOTYオートソープディスペンサー【顧客満足度No.1獲得商品🥇】【全国送料無料🚗】,798000
8999289651442,壁掛けディスペンサー,3,8980331987186,【本日終了⏰】【累計15万台突破🏆】LOOTYナノバブルシャワーヘッド【顧客満足度No.1獲得商品🥇】【全国送料無料🚗】,698000
8999289651442,壁掛けディスペンサー,4,9133240844530,【本日終了⏰】【累計15万台突破🏆】LOOTY 害虫ブロッカー【顧客満足度No.1獲得商品🥇】【全国送料無料🚗】,398000
8999289651442,壁掛けディスペンサー,5,9035423678706,【本日終了⏰】【累計15万台突破🏆】LOOTY 癒しの指圧マット【顧客満足度No.1獲得商品🥇】【全国送料無料🚗】,598000
8999289651442,壁掛けディスペンサー,6,9055404097778,【本日終了⏰】【累計15万台突破🏆】LOOTY 完全遮光・形状記憶・晴雨兼用・UV日傘【顧客満足度No.1獲得商品🥇】【全国送料無料🚗】,498000
8999289651442,壁掛けディスペンサー,7,9167060828402,【本日終了⏰】【累計15万台突破🏆】LOOTY 卓上冷感クーラー【顧客満足度No.1獲得商品🥇】【全国送料無料🚗】,598000
8999289651442,壁掛けディスペンサー,8,9056544817394,【本日終了⏰】【累計15万台突破🏆】LOOTY ナノガラス脱毛パッド【顧客満足度No.1獲得商品🥇】【全国送料無料🚗】,398000
8999289651442,壁掛けディスペンサー,9,9165019480306,【本日終了⏰】【累計15万台突破🏆】LOOTY 瞬間冷感ポンチョ【顧客満足度No.1獲得商品🥇】【全国送料無料🚗】,398000
8999289651442,壁掛けディスペンサー,10,9030597509362,【本日終了⏰】【累計15万台突破🏆】LOOTY 形状記憶日傘【顧客満足度No.1獲得商品🥇】【全国送料無料🚗】,498000
9131201102066,完全遮光・接触冷感UVハット,1,9151620776178,【本日終了⏰】【累計15万台突破🏆】LOOTY 接触冷感UVアームカバー【顧客満足度No.1獲得商品🥇】【全国送料無料🚗】,398000
9131201102066,完全遮光・接触冷感UVハット,2,9083813888242,【本日終了⏰】【累計15万台突破🏆】LOOTY接触冷感UVパーカー【顧客満足度No.1獲得商品🥇】【全国送料無料🚗】,498000
9131201102066,完全遮光・接触冷感UVハット,3,9167060828402,【本日終了⏰】【累計15万台突破🏆】LOOTY 卓上冷感クーラー【顧客満足度No.1獲得商品🥇】【全国送料無料🚗】,598000
9131201102066,完全遮光・接触冷感UVハット,4,9165019480306,【本日終了⏰】【累計15万台突破🏆】LOOTY 瞬間冷感ポンチョ【顧客満足度No.1獲得商品🥇】【全国送料無料🚗】,398000
9131201102066,完全遮光・接触冷感UVハット,5,9030597509362,【本日終了⏰】【累計15万台突破🏆】LOOTY 形状記憶日傘【顧客満足度No.1獲得商品🥇】【全国送料無料🚗】,498000
9131201102066,完全遮光・接触冷感UVハット,6,9055404097778,【本日終了⏰】【累計15万台突破🏆】LOOTY 完全遮光・形状記憶・晴雨兼用・UV日傘【顧客満足度No.1獲得商品🥇】【全国送料無料🚗】,498000
9131201102066,完全遮光・接触冷感UVハット,7,9103526691058,【本日終了⏰】【累計15万台突破🏆】LOOTY 偏光・調光サングラス【顧客満足度No.1獲得商品🥇】【全国送料無料🚗】,398000
9131201102066,完全遮光・接触冷感UVハット,8,9035423678706,【本日終了⏰】【累計15万台突破🏆】LOOTY 癒しの指圧マット【顧客満足度No.1獲得商品🥇】【全国送料無料🚗】,598000
9131201102066,完全遮光・接触冷感UVハット,9,9133240844530,【本日終了⏰】【累計15万台突破🏆】LOOTY 害虫ブロッカー【顧客満足度No.1獲得商品🥇】【全国送料無料🚗】,398000
9131201102066,完全遮光・接触冷感UVハット,10,9039335522546,【本日終了⏰】【累計15万台突破🏆】LOOTY 瞬間冷却ハンディファン【顧客満足度No.1獲得商品🥇】【全国送料無料🚗】,598000
9161440428274,ムダ毛シェーバー,1,9150222172402,【本日終了⏰】【累計15万台突破🏆】LOOTY 携帯電動シェーバー【顧客満足度No.1獲得商品🥇】【全国送料無料🚗】,498000
9161440428274,ムダ毛シェーバー,2,9056544817394,【本日終了⏰】【累計15万台突破🏆】LOOTY ナノガラス脱毛パッド【顧客満足度No.1獲得商品🥇】【全国送料無料🚗】,398000
9161440428274,ムダ毛シェーバー,3,9167060828402,【本日終了⏰】【累計15万台突破🏆】LOOTY 卓上冷感クーラー【顧客満足度No.1獲得商品🥇】【全国送料無料🚗】,598000
9161440428274,ムダ毛シェーバー,4,9030597509362,【本日終了⏰】【累計15万台突破🏆】LOOTY 形状記憶日傘【顧客満足度No.1獲得商品🥇】【全国送料無料🚗】,498000
9161440428274,ムダ毛シェーバー,5,9035423678706,【本日終了⏰】【累計15万台突破🏆】LOOTY 癒しの指圧マット【顧客満足度No.1獲得商品🥇】【全国送料無料🚗】,598000
9161440428274,ムダ毛シェーバー,6,9092560912626,【本日終了⏰】【累計15万台突破🏆】LOOTY スタイルアップインナー【顧客満足度No.1獲得商品🥇】【全国送料無料🚗】,398000
9161440428274,ムダ毛シェーバー,7,9165019480306,【本日終了⏰】【累計15万台突破🏆】LOOTY 瞬間冷感ポンチョ【顧客満足度No.1獲得商品🥇】【全国送料無料🚗】,398000
9161440428274,ムダ毛シェーバー,8,9036053348594,【本日終了⏰】【累計15万台突破🏆】LOOTY UV歯ブラシ除菌器【顧客満足度No.1獲得商品🥇】【全国送料無料🚗】,898000
9161440428274,ムダ毛シェーバー,9,9131201102066,【本日終了⏰】【累計15万台突破🏆】LOOTY 完全遮光・接触冷感UVハット【顧客満足度No.1獲得商品🥇】【全国送料無料🚗】,498000
9161440428274,ムダ毛シェーバー,10,9083813888242,【本日終了⏰】【累計15万台突破🏆】LOOTY接触冷感UVパーカー【顧客満足度No.1獲得商品🥇】【全国送料無料🚗】,498000
9027377168626,姿勢サポートチェア,1,9028960616690,【本日終了⏰】【累計15万台突破🏆】LOOTY ジェットウォッシャー【顧客満足度No.1獲得商品🥇】【全国送料無料🚗】,498000
9027377168626,姿勢サポートチェア,2,9027409084658,【本日終了⏰】【累計15万台突破🏆】LOOTY 姿勢サポートベルト【顧客満足度No.1獲得商品🥇】【全国送料無料🚗】,598000
9027377168626,姿勢サポートチェア,3,9012820967666,【本日終了⏰】【累計15万台突破🏆】LOOTYバランスケアスリッパ【顧客満足度No.1獲得商品🥇】【全国送料無料🚗】,498000
9027377168626,姿勢サポートチェア,4,9035423678706,【本日終了⏰】【累計15万台突破🏆】LOOTY 癒しの指圧マット【顧客満足度No.1獲得商品🥇】【全国送料無料🚗】,598000
9027377168626,姿勢サポートチェア,5,9092560912626,【本日終了⏰】【累計15万台突破🏆】LOOTY スタイルアップインナー【顧客満足度No.1獲得商品🥇】【全国送料無料🚗】,398000
9027377168626,姿勢サポートチェア,6,9030597509362,【本日終了⏰】【累計15万台突破🏆】LOOTY 形状記憶日傘【顧客満足度No.1獲得商品🥇】【全国送料無料🚗】,498000
9027377168626,姿勢サポートチェア,7,9094571557106,【本日終了⏰】【累計15万台突破🏆】LOOTY リカバリーサンダル 【顧客満足度No.1獲得商品🥇】【全国送料無料🚗】,398000
9027377168626,姿勢サポートチェア,8,9004929843442,【本日終了⏰】【累計15万台突破🏆】LOOTYネックマッサージャー【顧客満足度No.1獲得商品🥇】【全国送料無料🚗】,998000
9027377168626,姿勢サポートチェア,9,9011173589234,【本日終了⏰】【累計15万台突破🏆】LOOTY健康サンダル【顧客満足度No.1獲得商品🥇】【全国送料無料🚗】,498000
9027377168626,姿勢サポートチェア,10,9167060828402,【本日終了⏰】【累計15万台突破🏆】LOOTY 卓上冷感クーラー【顧客満足度No.1獲得商品🥇】【全国送料無料🚗】,598000
9172590461170,5WAY腰掛けファン,1,9098533404914,【本日終了⏰】【累計15万台突破🏆】LOOTY 3WAYサーキュレーター扇風機【顧客満足度No.1獲得商品🥇】【全国送料無料🚗】,698000
9172590461170,5WAY腰掛けファン,2,9103526691058,【本日終了⏰】【累計15万台突破🏆】LOOTY 偏光・調光サングラス【顧客満足度No.1獲得商品🥇】【全国送料無料🚗】,398000
9172590461170,5WAY腰掛けファン,3,9083813888242,【本日終了⏰】【累計15万台突破🏆】LOOTY接触冷感UVパーカー【顧客満足度No.1獲得商品🥇】【全国送料無料🚗】,498000
9172590461170,5WAY腰掛けファン,4,9101154353394,【本日終了⏰】【累計15万台突破🏆】LOOTY 4WAY 取り付けOK 小型瞬間冷却ハンディファン【顧客満足度No.1獲得商品🥇】【全国送料無料🚗】,498000
9172590461170,5WAY腰掛けファン,5,9030597509362,【本日終了⏰】【累計15万台突破🏆】LOOTY 形状記憶日傘【顧客満足度No.1獲得商品🥇】【全国送料無料🚗】,498000
9172590461170,5WAY腰掛けファン,6,9056544817394,【本日終了⏰】【累計15万台突破🏆】LOOTY ナノガラス脱毛パッド【顧客満足度No.1獲得商品🥇】【全国送料無料🚗】,398000
9172590461170,5WAY腰掛けファン,7,9133240844530,【本日終了⏰】【累計15万台突破🏆】LOOTY 害虫ブロッカー【顧客満足度No.1獲得商品🥇】【全国送料無料🚗】,398000
9172590461170,5WAY腰掛けファン,8,9055404097778,【本日終了⏰】【累計15万台突破🏆】LOOTY 完全遮光・形状記憶・晴雨兼用・UV日傘【顧客満足度No.1獲得商品🥇】【全国送料無料🚗】,498000
9172590461170,5WAY腰掛けファン,9,9011173589234,【本日終了⏰】【累計15万台突破🏆】LOOTY健康サンダル【顧客満足度No.1獲得商品🥇】【全国送料無料🚗】,498000
9172590461170,5WAY腰掛けファン,10,9012820967666,【本日終了⏰】【累計15万台突破🏆】LOOTYバランスケアスリッパ【顧客満足度No.1獲得商品🥇】【全国送料無料🚗】,498000
9083813888242,接触冷感UVパーカー,1,9151620776178,【本日終了⏰】【累計15万台突破🏆】LOOTY 接触冷感UVアームカバー【顧客満足度No.1獲得商品🥇】【全国送料無料🚗】,398000
9083813888242,接触冷感UVパーカー,2,9030597509362,【本日終了⏰】【累計15万台突破🏆】LOOTY 形状記憶日傘【顧客満足度No.1獲得商品🥇】【全国送料無料🚗】,498000
9083813888242,接触冷感UVパーカー,3,9165019480306,【本日終了⏰】【累計15万台突破🏆】LOOTY 瞬間冷感ポンチョ【顧客満足度No.1獲得商品🥇】【全国送料無料🚗】,398000
9083813888242,接触冷感UVパーカー,4,9055404097778,【本日終了⏰】【累計15万台突破🏆】LOOTY 完全遮光・形状記憶・晴雨兼用・UV日傘【顧客満足度No.1獲得商品🥇】【全国送料無料🚗】,498000
9083813888242,接触冷感UVパーカー,5,9131201102066,【本日終了⏰】【累計15万台突破🏆】LOOTY 完全遮光・接触冷感UVハット【顧客満足度No.1獲得商品🥇】【全国送料無料🚗】,498000
9083813888242,接触冷感UVパーカー,6,9039335522546,【本日終了⏰】【累計15万台突破🏆】LOOTY 瞬間冷却ハンディファン【顧客満足度No.1獲得商品🥇】【全国送料無料🚗】,598000
9083813888242,接触冷感UVパーカー,7,9103526691058,【本日終了⏰】【累計15万台突破🏆】LOOTY 偏光・調光サングラス【顧客満足度No.1獲得商品🥇】【全国送料無料🚗】,398000
9083813888242,接触冷感UVパーカー,8,9101154353394,【本日終了⏰】【累計15万台突破🏆】LOOTY 4WAY 取り付けOK 小型瞬間冷却ハンディファン【顧客満足度No.1獲得商品🥇】【全国送料無料🚗】,498000
9083813888242,接触冷感UVパーカー,9,9167060828402,【本日終了⏰】【累計15万台突破🏆】LOOTY 卓上冷感クーラー【顧客満足度No.1獲得商品🥇】【全国送料無料🚗】,598000
9083813888242,接触冷感UVパーカー,10,9011173589234,【本日終了⏰】【累計15万台突破🏆】LOOTY健康サンダル【顧客満足度No.1獲得商品🥇】【全国送料無料🚗】,498000
9055404097778,完全遮光・形状記憶日傘,1,9030597509362,【本日終了⏰】【累計15万台突破🏆】LOOTY 形状記憶日傘【顧客満足度No.1獲得商品🥇】【全国送料無料🚗】,498000
9055404097778,完全遮光・形状記憶日傘,2,9101154353394,【本日終了⏰】【累計15万台突破🏆】LOOTY 4WAY 取り付けOK 小型瞬間冷却ハンディファン【顧客満足度No.1獲得商品🥇】【全国送料無料🚗】,498000
9055404097778,完全遮光・形状記憶日傘,3,9151620776178,【本日終了⏰】【累計15万台突破🏆】LOOTY 接触冷感UVアームカバー【顧客満足度No.1獲得商品🥇】【全国送料無料🚗】,398000
9055404097778,完全遮光・形状記憶日傘,4,9083813888242,【本日終了⏰】【累計15万台突破🏆】LOOTY接触冷感UVパーカー【顧客満足度No.1獲得商品🥇】【全国送料無料🚗】,498000
9055404097778,完全遮光・形状記憶日傘,5,9165019480306,【本日終了⏰】【累計15万台突破🏆】LOOTY 瞬間冷感ポンチョ【顧客満足度No.1獲得商品🥇】【全国送料無料🚗】,398000
9055404097778,完全遮光・形状記憶日傘,6,9133240844530,【本日終了⏰】【累計15万台突破🏆】LOOTY 害虫ブロッカー【顧客満足度No.1獲得商品🥇】【全国送料無料🚗】,398000
9055404097778,完全遮光・形状記憶日傘,7,9131201102066,【本日終了⏰】【累計15万台突破🏆】LOOTY 完全遮光・接触冷感UVハット【顧客満足度No.1獲得商品🥇】【全国送料無料🚗】,498000
9055404097778,完全遮光・形状記憶日傘,8,9056544817394,【本日終了⏰】【累計15万台突破🏆】LOOTY ナノガラス脱毛パッド【顧客満足度No.1獲得商品🥇】【全国送料無料🚗】,398000
9055404097778,完全遮光・形状記憶日傘,9,9103526691058,【本日終了⏰】【累計15万台突破🏆】LOOTY 偏光・調光サングラス【顧客満足度No.1獲得商品🥇】【全国送料無料🚗】,398000
9055404097778,完全遮光・形状記憶日傘,10,9094571557106,【本日終了⏰】【累計15万台突破🏆】LOOTY リカバリーサンダル 【顧客満足度No.1獲得商品🥇】【全国送料無料🚗】,398000
9030597509362,形状記憶日傘,1,9055404097778,【本日終了⏰】【累計15万台突破🏆】LOOTY 完全遮光・形状記憶・晴雨兼用・UV日傘【顧客満足度No.1獲得商品🥇】【全国送料無料🚗】,498000
9030597509362,形状記憶日傘,2,9101154353394,【本日終了⏰】【累計15万台突破🏆】LOOTY 4WAY 取り付けOK 小型瞬間冷却ハンディファン【顧客満足度No.1獲得商品🥇】【全国送料無料🚗】,498000
9030597509362,形状記憶日傘,3,9165019480306,【本日終了⏰】【累計15万台突破🏆】LOOTY 瞬間冷感ポンチョ【顧客満足度No.1獲得商品🥇】【全国送料無料🚗】,398000
9030597509362,形状記憶日傘,4,9056544817394,【本日終了⏰】【累計15万台突破🏆】LOOTY ナノガラス脱毛パッド【顧客満足度No.1獲得商品🥇】【全国送料無料🚗】,398000
9030597509362,形状記憶日傘,5,9151620776178,【本日終了⏰】【累計15万台突破🏆】LOOTY 接触冷感UVアームカバー【顧客満足度No.1獲得商品🥇】【全国送料無料🚗】,398000
9030597509362,形状記憶日傘,6,9039335522546,【本日終了⏰】【累計15万台突破🏆】LOOTY 瞬間冷却ハンディファン【顧客満足度No.1獲得商品🥇】【全国送料無料🚗】,598000
9030597509362,形状記憶日傘,7,9083813888242,【本日終了⏰】【累計15万台突破🏆】LOOTY接触冷感UVパーカー【顧客満足度No.1獲得商品🥇】【全国送料無料🚗】,498000
9030597509362,形状記憶日傘,8,9103526691058,【本日終了⏰】【累計15万台突破🏆】LOOTY 偏光・調光サングラス【顧客満足度No.1獲得商品🥇】【全国送料無料🚗】,398000
9030597509362,形状記憶日傘,9,9131201102066,【本日終了⏰】【累計15万台突破🏆】LOOTY 完全遮光・接触冷感UVハット【顧客満足度No.1獲得商品🥇】【全国送料無料🚗】,498000
9030597509362,形状記憶日傘,10,8980331987186,【本日終了⏰】【累計15万台突破🏆】LOOTYナノバブルシャワーヘッド【顧客満足度No.1獲得商品🥇】【全国送料無料🚗】,698000
9133240844530,害虫ブロッカー,1,9030597509362,【本日終了⏰】【累計15万台突破🏆】LOOTY 形状記憶日傘【顧客満足度No.1獲得商品🥇】【全国送料無料🚗】,498000
9133240844530,害虫ブロッカー,2,9056544817394,【本日終了⏰】【累計15万台突破🏆】LOOTY ナノガラス脱毛パッド【顧客満足度No.1獲得商品🥇】【全国送料無料🚗】,398000
9133240844530,害虫ブロッカー,3,9165019480306,【本日終了⏰】【累計15万台突破🏆】LOOTY 瞬間冷感ポンチョ【顧客満足度No.1獲得商品🥇】【全国送料無料🚗】,398000
9133240844530,害虫ブロッカー,4,9094571557106,【本日終了⏰】【累計15万台突破🏆】LOOTY リカバリーサンダル 【顧客満足度No.1獲得商品🥇】【全国送料無料🚗】,398000
9133240844530,害虫ブロッカー,5,9055404097778,【本日終了⏰】【累計15万台突破🏆】LOOTY 完全遮光・形状記憶・晴雨兼用・UV日傘【顧客満足度No.1獲得商品🥇】【全国送料無料🚗】,498000
9133240844530,害虫ブロッカー,6,8980331987186,【本日終了⏰】【累計15万台突破🏆】LOOTYナノバブルシャワーヘッド【顧客満足度No.1獲得商品🥇】【全国送料無料🚗】,698000
9133240844530,害虫ブロッカー,7,9036053348594,【本日終了⏰】【累計15万台突破🏆】LOOTY UV歯ブラシ除菌器【顧客満足度No.1獲得商品🥇】【全国送料無料🚗】,898000
9133240844530,害虫ブロッカー,8,9103526691058,【本日終了⏰】【累計15万台突破🏆】LOOTY 偏光・調光サングラス【顧客満足度No.1獲得商品🥇】【全国送料無料🚗】,398000
9133240844530,害虫ブロッカー,9,9151620776178,【本日終了⏰】【累計15万台突破🏆】LOOTY 接触冷感UVアームカバー【顧客満足度No.1獲得商品🥇】【全国送料無料🚗】,398000
9133240844530,害虫ブロッカー,10,9098533404914,【本日終了⏰】【累計15万台突破🏆】LOOTY 3WAYサーキュレーター扇風機【顧客満足度No.1獲得商品🥇】【全国送料無料🚗】,698000
9011173589234,バランスケアスリッパ,1,9094571557106,【本日終了⏰】【累計15万台突破🏆】LOOTY リカバリーサンダル 【顧客満足度No.1獲得商品🥇】【全国送料無料🚗】,398000
9011173589234,バランスケアスリッパ,2,9035423678706,【本日終了⏰】【累計15万台突破🏆】LOOTY 癒しの指圧マット【顧客満足度No.1獲得商品🥇】【全国送料無料🚗】,598000
9011173589234,バランスケアスリッパ,3,9149121757426,【本日終了⏰】【累計15万台突破🏆】LOOTY 湯上がりガーゼワンピース【顧客満足度No.1獲得商品🥇】【全国送料無料🚗】,598000
9011173589234,バランスケアスリッパ,4,9012820967666,【本日終了⏰】【累計15万台突破🏆】LOOTYバランスケアスリッパ【顧客満足度No.1獲得商品🥇】【全国送料無料🚗】,498000
9011173589234,バランスケアスリッパ,5,9103526691058,【本日終了⏰】【累計15万台突破🏆】LOOTY 偏光・調光サングラス【顧客満足度No.1獲得商品🥇】【全国送料無料🚗】,398000
9011173589234,バランスケアスリッパ,6,9092560912626,【本日終了⏰】【累計15万台突破🏆】LOOTY スタイルアップインナー【顧客満足度No.1獲得商品🥇】【全国送料無料🚗】,398000
9011173589234,バランスケアスリッパ,7,9056544817394,【本日終了⏰】【累計15万台突破🏆】LOOTY ナノガラス脱毛パッド【顧客満足度No.1獲得商品🥇】【全国送料無料🚗】,398000
9011173589234,バランスケアスリッパ,8,9027409084658,【本日終了⏰】【累計15万台突破🏆】LOOTY 姿勢サポートベルト【顧客満足度No.1獲得商品🥇】【全国送料無料🚗】,598000
9011173589234,バランスケアスリッパ,9,9165019480306,【本日終了⏰】【累計15万台突破🏆】LOOTY 瞬間冷感ポンチョ【顧客満足度No.1獲得商品🥇】【全国送料無料🚗】,398000
9011173589234,バランスケアスリッパ,10,9133240844530,【本日終了⏰】【累計15万台突破🏆】LOOTY 害虫ブロッカー【顧客満足度No.1獲得商品🥇】【全国送料無料🚗】,398000
9101154353394,4WAY,1,9039335522546,【本日終了⏰】【累計15万台突破🏆】LOOTY 瞬間冷却ハンディファン【顧客満足度No.1獲得商品🥇】【全国送料無料🚗】,598000
9101154353394,4WAY,2,9030597509362,【本日終了⏰】【累計15万台突破🏆】LOOTY 形状記憶日傘【顧客満足度No.1獲得商品🥇】【全国送料無料🚗】,498000
9101154353394,4WAY,3,9167060828402,【本日終了⏰】【累計15万台突破🏆】LOOTY 卓上冷感クーラー【顧客満足度No.1獲得商品🥇】【全国送料無料🚗】,598000
9101154353394,4WAY,4,9055404097778,【本日終了⏰】【累計15万台突破🏆】LOOTY 完全遮光・形状記憶・晴雨兼用・UV日傘【顧客満足度No.1獲得商品🥇】【全国送料無料🚗】,498000
9101154353394,4WAY,5,9098533404914,【本日終了⏰】【累計15万台突破🏆】LOOTY 3WAYサーキュレーター扇風機【顧客満足度No.1獲得商品🥇】【全国送料無料🚗】,698000
9101154353394,4WAY,6,9056544817394,【本日終了⏰】【累計15万台突破🏆】LOOTY ナノガラス脱毛パッド【顧客満足度No.1獲得商品🥇】【全国送料無料🚗】,398000
9101154353394,4WAY,7,9165019480306,【本日終了⏰】【累計15万台突破🏆】LOOTY 瞬間冷感ポンチョ【顧客満足度No.1獲得商品🥇】【全国送料無料🚗】,398000
9101154353394,4WAY,8,9133240844530,【本日終了⏰】【累計15万台突破🏆】LOOTY 害虫ブロッカー【顧客満足度No.1獲得商品🥇】【全国送料無料🚗】,398000
9101154353394,4WAY,9,8921571492082,【本日終了⏰】【累計15万台突破🏆】LOOTY保温プレート【顧客満足度No.1獲得商品🥇】【全国送料無料🚗】,899000
9101154353394,4WAY,10,9103526691058,【本日終了⏰】【累計15万台突破🏆】LOOTY 偏光・調光サングラス【顧客満足度No.1獲得商品🥇】【全国送料無料🚗】,398000
9167060828402,卓上冷感クーラー,1,9165019480306,【本日終了⏰】【累計15万台突破🏆】LOOTY 瞬間冷感ポンチョ【顧客満足度No.1獲得商品🥇】【全国送料無料🚗】,398000
9167060828402,卓上冷感クーラー,2,9131201102066,【本日終了⏰】【累計15万台突破🏆】LOOTY 完全遮光・接触冷感UVハット【顧客満足度No.1獲得商品🥇】【全国送料無料🚗】,498000
9167060828402,卓上冷感クーラー,3,9098533404914,【本日終了⏰】【累計15万台突破🏆】LOOTY 3WAYサーキュレーター扇風機【顧客満足度No.1獲得商品🥇】【全国送料無料🚗】,698000
9167060828402,卓上冷感クーラー,4,9101154353394,【本日終了⏰】【累計15万台突破🏆】LOOTY 4WAY 取り付けOK 小型瞬間冷却ハンディファン【顧客満足度No.1獲得商品🥇】【全国送料無料🚗】,498000
9167060828402,卓上冷感クーラー,5,9039335522546,【本日終了⏰】【累計15万台突破🏆】LOOTY 瞬間冷却ハンディファン【顧客満足度No.1獲得商品🥇】【全国送料無料🚗】,598000
9167060828402,卓上冷感クーラー,6,9035423678706,【本日終了⏰】【累計15万台突破🏆】LOOTY 癒しの指圧マット【顧客満足度No.1獲得商品🥇】【全国送料無料🚗】,598000
9167060828402,卓上冷感クーラー,7,8921571492082,【本日終了⏰】【累計15万台突破🏆】LOOTY保温プレート【顧客満足度No.1獲得商品🥇】【全国送料無料🚗】,899000
9167060828402,卓上冷感クーラー,8,9083813888242,【本日終了⏰】【累計15万台突破🏆】LOOTY接触冷感UVパーカー【顧客満足度No.1獲得商品🥇】【全国送料無料🚗】,498000
9167060828402,卓上冷感クーラー,9,9030597509362,【本日終了⏰】【累計15万台突破🏆】LOOTY 形状記憶日傘【顧客満足度No.1獲得商品🥇】【全国送料無料🚗】,498000
9167060828402,卓上冷感クーラー,10,9055404097778,【本日終了⏰】【累計15万台突破🏆】LOOTY 完全遮光・形状記憶・晴雨兼用・UV日傘【顧客満足度No.1獲得商品🥇】【全国送料無料🚗】,498000
9103526691058,偏光・調光サングラス,1,9030597509362,【本日終了⏰】【累計15万台突破🏆】LOOTY 形状記憶日傘【顧客満足度No.1獲得商品🥇】【全国送料無料🚗】,498000
9103526691058,偏光・調光サングラス,2,9011173589234,【本日終了⏰】【累計15万台突破🏆】LOOTY健康サンダル【顧客満足度No.1獲得商品🥇】【全国送料無料🚗】,498000
9103526691058,偏光・調光サングラス,3,9055404097778,【本日終了⏰】【累計15万台突破🏆】LOOTY 完全遮光・形状記憶・晴雨兼用・UV日傘【顧客満足度No.1獲得商品🥇】【全国送料無料🚗】,498000
9103526691058,偏光・調光サングラス,4,9133240844530,【本日終了⏰】【累計15万台突破🏆】LOOTY 害虫ブロッカー【顧客満足度No.1獲得商品🥇】【全国送料無料🚗】,398000
9103526691058,偏光・調光サングラス,5,9083813888242,【本日終了⏰】【累計15万台突破🏆】LOOTY接触冷感UVパーカー【顧客満足度No.1獲得商品🥇】【全国送料無料🚗】,498000
9103526691058,偏光・調光サングラス,6,9028960616690,【本日終了⏰】【累計15万台突破🏆】LOOTY ジェットウォッシャー【顧客満足度No.1獲得商品🥇】【全国送料無料🚗】,498000
9103526691058,偏光・調光サングラス,7,9165019480306,【本日終了⏰】【累計15万台突破🏆】LOOTY 瞬間冷感ポンチョ【顧客満足度No.1獲得商品🥇】【全国送料無料🚗】,398000
9103526691058,偏光・調光サングラス,8,9101154353394,【本日終了⏰】【累計15万台突破🏆】LOOTY 4WAY 取り付けOK 小型瞬間冷却ハンディファン【顧客満足度No.1獲得商品🥇】【全国送料無料🚗】,498000
9103526691058,偏光・調光サングラス,9,9151620776178,【本日終了⏰】【累計15万台突破🏆】LOOTY 接触冷感UVアームカバー【顧客満足度No.1獲得商品🥇】【全国送料無料🚗】,398000
9103526691058,偏光・調光サングラス,10,9039335522546,【本日終了⏰】【累計15万台突破🏆】LOOTY 瞬間冷却ハンディファン【顧客満足度No.1獲得商品🥇】【全国送料無料🚗】,598000
9098533404914,3WAYサーキュレーター,1,9133240844530,【本日終了⏰】【累計15万台突破🏆】LOOTY 害虫ブロッカー【顧客満足度No.1獲得商品🥇】【全国送料無料🚗】,398000
9098533404914,3WAYサーキュレーター,2,9167060828402,【本日終了⏰】【累計15万台突破🏆】LOOTY 卓上冷感クーラー【顧客満足度No.1獲得商品🥇】【全国送料無料🚗】,598000
9098533404914,3WAYサーキュレーター,3,9039335522546,【本日終了⏰】【累計15万台突破🏆】LOOTY 瞬間冷却ハンディファン【顧客満足度No.1獲得商品🥇】【全国送料無料🚗】,598000
9098533404914,3WAYサーキュレーター,4,9101154353394,【本日終了⏰】【累計15万台突破🏆】LOOTY 4WAY 取り付けOK 小型瞬間冷却ハンディファン【顧客満足度No.1獲得商品🥇】【全国送料無料🚗】,498000
9098533404914,3WAYサーキュレーター,5,9172590461170,【本日終了⏰】【累計15万台突破🏆】LOOTY 5WAY腰掛けファン【顧客満足度No.1獲得商品🥇】【全国送料無料🚗】,498000
9098533404914,3WAYサーキュレーター,6,9165019480306,【本日終了⏰】【累計15万台突破🏆】LOOTY 瞬間冷感ポンチョ【顧客満足度No.1獲得商品🥇】【全国送料無料🚗】,398000
9098533404914,3WAYサーキュレーター,7,9035423678706,【本日終了⏰】【累計15万台突破🏆】LOOTY 癒しの指圧マット【顧客満足度No.1獲得商品🥇】【全国送料無料🚗】,598000
9098533404914,3WAYサーキュレーター,8,9055404097778,【本日終了⏰】【累計15万台突破🏆】LOOTY 完全遮光・形状記憶・晴雨兼用・UV日傘【顧客満足度No.1獲得商品🥇】【全国送料無料🚗】,498000
9098533404914,3WAYサーキュレーター,9,9036053348594,【本日終了⏰】【累計15万台突破🏆】LOOTY UV歯ブラシ除菌器【顧客満足度No.1獲得商品🥇】【全国送料無料🚗】,898000
9098533404914,3WAYサーキュレーター,10,9150222172402,【本日終了⏰】【累計15万台突破🏆】LOOTY 携帯電動シェーバー【顧客満足度No.1獲得商品🥇】【全国送料無料🚗】,498000
9150222172402,携帯電動シェーバー,1,8980331987186,【本日終了⏰】【累計15万台突破🏆】LOOTYナノバブルシャワーヘッド【顧客満足度No.1獲得商品🥇】【全国送料無料🚗】,698000
9150222172402,携帯電動シェーバー,2,9161440428274,【本日終了⏰】【累計15万台突破🏆】LOOTY ムダ毛シェーバー【顧客満足度No.1獲得商品🥇】【全国送料無料🚗】,698000
9150222172402,携帯電動シェーバー,3,9056544817394,【本日終了⏰】【累計15万台突破🏆】LOOTY ナノガラス脱毛パッド【顧客満足度No.1獲得商品🥇】【全国送料無料🚗】,398000
9150222172402,携帯電動シェーバー,4,9167060828402,【本日終了⏰】【累計15万台突破🏆】LOOTY 卓上冷感クーラー【顧客満足度No.1獲得商品🥇】【全国送料無料🚗】,598000
9150222172402,携帯電動シェーバー,5,9039335522546,【本日終了⏰】【累計15万台突破🏆】LOOTY 瞬間冷却ハンディファン【顧客満足度No.1獲得商品🥇】【全国送料無料🚗】,598000
9150222172402,携帯電動シェーバー,6,9030597509362,【本日終了⏰】【累計15万台突破🏆】LOOTY 形状記憶日傘【顧客満足度No.1獲得商品🥇】【全国送料無料🚗】,498000
9150222172402,携帯電動シェーバー,7,9035423678706,【本日終了⏰】【累計15万台突破🏆】LOOTY 癒しの指圧マット【顧客満足度No.1獲得商品🥇】【全国送料無料🚗】,598000
9150222172402,携帯電動シェーバー,8,9101154353394,【本日終了⏰】【累計15万台突破🏆】LOOTY 4WAY 取り付けOK 小型瞬間冷却ハンディファン【顧客満足度No.1獲得商品🥇】【全国送料無料🚗】,498000
9150222172402,携帯電動シェーバー,9,9011173589234,【本日終了⏰】【累計15万台突破🏆】LOOTY健康サンダル【顧客満足度No.1獲得商品🥇】【全国送料無料🚗】,498000
9150222172402,携帯電動シェーバー,10,9165019480306,【本日終了⏰】【累計15万台突破🏆】LOOTY 瞬間冷感ポンチョ【顧客満足度No.1獲得商品🥇】【全国送料無料🚗】,398000
9151620776178,接触冷感UVアームカバー,1,9149121757426,【本日終了⏰】【累計15万台突破🏆】LOOTY 湯上がりガーゼワンピース【顧客満足度No.1獲得商品🥇】【全国送料無料🚗】,598000
9151620776178,接触冷感UVアームカバー,2,9083813888242,【本日終了⏰】【累計15万台突破🏆】LOOTY接触冷感UVパーカー【顧客満足度No.1獲得商品🥇】【全国送料無料🚗】,498000
9151620776178,接触冷感UVアームカバー,3,9131201102066,【本日終了⏰】【累計15万台突破🏆】LOOTY 完全遮光・接触冷感UVハット【顧客満足度No.1獲得商品🥇】【全国送料無料🚗】,498000
9151620776178,接触冷感UVアームカバー,4,9165019480306,【本日終了⏰】【累計15万台突破🏆】LOOTY 瞬間冷感ポンチョ【顧客満足度No.1獲得商品🥇】【全国送料無料🚗】,398000
9151620776178,接触冷感UVアームカバー,5,9039335522546,【本日終了⏰】【累計15万台突破🏆】LOOTY 瞬間冷却ハンディファン【顧客満足度No.1獲得商品🥇】【全国送料無料🚗】,598000
9151620776178,接触冷感UVアームカバー,6,9055404097778,【本日終了⏰】【累計15万台突破🏆】LOOTY 完全遮光・形状記憶・晴雨兼用・UV日傘【顧客満足度No.1獲得商品🥇】【全国送料無料🚗】,498000
9151620776178,接触冷感UVアームカバー,7,9030597509362,【本日終了⏰】【累計15万台突破🏆】LOOTY 形状記憶日傘【顧客満足度No.1獲得商品🥇】【全国送料無料🚗】,498000
9151620776178,接触冷感UVアームカバー,8,9101154353394,【本日終了⏰】【累計15万台突破🏆】LOOTY 4WAY 取り付けOK 小型瞬間冷却ハンディファン【顧客満足度No.1獲得商品🥇】【全国送料無料🚗】,498000
9151620776178,接触冷感UVアームカバー,9,9103526691058,【本日終了⏰】【累計15万台突破🏆】LOOTY 偏光・調光サングラス【顧客満足度No.1獲得商品🥇】【全国送料無料🚗】,398000
9151620776178,接触冷感UVアームカバー,10,9056544817394,【本日終了⏰】【累計15万台突破🏆】LOOTY ナノガラス脱毛パッド【顧客満足度No.1獲得商品🥇】【全国送料無料🚗】,398000
9165019480306,瞬間冷感ポンチョ,1,9039335522546,【本日終了⏰】【累計15万台突破🏆】LOOTY 瞬間冷却ハンディファン【顧客満足度No.1獲得商品🥇】【全国送料無料🚗】,598000
9165019480306,瞬間冷感ポンチョ,2,9167060828402,【本日終了⏰】【累計15万台突破🏆】LOOTY 卓上冷感クーラー【顧客満足度No.1獲得商品🥇】【全国送料無料🚗】,598000
9165019480306,瞬間冷感ポンチョ,3,9133240844530,【本日終了⏰】【累計15万台突破🏆】LOOTY 害虫ブロッカー【顧客満足度No.1獲得商品🥇】【全国送料無料🚗】,398000
9165019480306,瞬間冷感ポンチョ,4,9083813888242,【本日終了⏰】【累計15万台突破🏆】LOOTY接触冷感UVパーカー【顧客満足度No.1獲得商品🥇】【全国送料無料🚗】,498000
9165019480306,瞬間冷感ポンチョ,5,9151620776178,【本日終了⏰】【累計15万台突破🏆】LOOTY 接触冷感UVアームカバー【顧客満足度No.1獲得商品🥇】【全国送料無料🚗】,398000
9165019480306,瞬間冷感ポンチョ,6,9055404097778,【本日終了⏰】【累計15万台突破🏆】LOOTY 完全遮光・形状記憶・晴雨兼用・UV日傘【顧客満足度No.1獲得商品🥇】【全国送料無料🚗】,498000
9165019480306,瞬間冷感ポンチョ,7,9103526691058,【本日終了⏰】【累計15万台突破🏆】LOOTY 偏光・調光サングラス【顧客満足度No.1獲得商品🥇】【全国送料無料🚗】,398000
9165019480306,瞬間冷感ポンチョ,8,9131201102066,【本日終了⏰】【累計15万台突破🏆】LOOTY 完全遮光・接触冷感UVハット【顧客満足度No.1獲得商品🥇】【全国送料無料🚗】,498000
9165019480306,瞬間冷感ポンチョ,9,9030597509362,【本日終了⏰】【累計15万台突破🏆】LOOTY 形状記憶日傘【顧客満足度No.1獲得商品🥇】【全国送料無料🚗】,498000
9165019480306,瞬間冷感ポンチョ,10,9035423678706,【本日終了⏰】【累計15万台突破🏆】LOOTY 癒しの指圧マット【顧客満足度No.1獲得商品🥇】【全国送料無料🚗】,598000
9012820967666,健康サンダル,1,9094571557106,【本日終了⏰】【累計15万台突破🏆】LOOTY リカバリーサンダル 【顧客満足度No.1獲得商品🥇】【全国送料無料🚗】,398000
9012820967666,健康サンダル,2,9011173589234,【本日終了⏰】【累計15万台突破🏆】LOOTY健康サンダル【顧客満足度No.1獲得商品🥇】【全国送料無料🚗】,498000
9012820967666,健康サンダル,3,9092560912626,【本日終了⏰】【累計15万台突破🏆】LOOTY スタイルアップインナー【顧客満足度No.1獲得商品🥇】【全国送料無料🚗】,398000
9012820967666,健康サンダル,4,9035423678706,【本日終了⏰】【累計15万台突破🏆】LOOTY 癒しの指圧マット【顧客満足度No.1獲得商品🥇】【全国送料無料🚗】,598000
9012820967666,健康サンダル,5,9027377168626,【本日終了⏰】【累計15万台突破🏆】LOTTY 姿勢サポートチェア【顧客満足度No.1獲得商品🥇】【全国送料無料🚗】,598000
9012820967666,健康サンダル,6,9027409084658,【本日終了⏰】【累計15万台突破🏆】LOOTY 姿勢サポートベルト【顧客満足度No.1獲得商品🥇】【全国送料無料🚗】,598000
9012820967666,健康サンダル,7,9056544817394,【本日終了⏰】【累計15万台突破🏆】LOOTY ナノガラス脱毛パッド【顧客満足度No.1獲得商品🥇】【全国送料無料🚗】,398000
9012820967666,健康サンダル,8,9004929843442,【本日終了⏰】【累計15万台突破🏆】LOOTYネックマッサージャー【顧客満足度No.1獲得商品🥇】【全国送料無料🚗】,998000
9012820967666,健康サンダル,9,9165019480306,【本日終了⏰】【累計15万台突破🏆】LOOTY 瞬間冷感ポンチョ【顧客満足度No.1獲得商品🥇】【全国送料無料🚗】,398000
9012820967666,健康サンダル,10,9103526691058,【本日終了⏰】【累計15万台突破🏆】LOOTY 偏光・調光サングラス【顧客満足度No.1獲得商品🥇】【全国送料無料🚗】,398000
9036053348594,UV歯ブラシ除菌器,1,8999289651442,【本日終了⏰】【累計15万台突破🏆】LOOTY壁掛けディスペンサー【顧客満足度No.1獲得商品🥇】【全国送料無料🚗】,698000
9036053348594,UV歯ブラシ除菌器,2,9028960616690,【本日終了⏰】【累計15万台突破🏆】LOOTY ジェットウォッシャー【顧客満足度No.1獲得商品🥇】【全国送料無料🚗】,498000
9036053348594,UV歯ブラシ除菌器,3,8980331987186,【本日終了⏰】【累計15万台突破🏆】LOOTYナノバブルシャワーヘッド【顧客満足度No.1獲得商品🥇】【全国送料無料🚗】,698000
9036053348594,UV歯ブラシ除菌器,4,9133240844530,【本日終了⏰】【累計15万台突破🏆】LOOTY 害虫ブロッカー【顧客満足度No.1獲得商品🥇】【全国送料無料🚗】,398000
9036053348594,UV歯ブラシ除菌器,5,9005744095474,【本日終了⏰】【累計15万台突破🏆】LOOTYオートソープディスペンサー【顧客満足度No.1獲得商品🥇】【全国送料無料🚗】,798000
9036053348594,UV歯ブラシ除菌器,6,9055404097778,【本日終了⏰】【累計15万台突破🏆】LOOTY 完全遮光・形状記憶・晴雨兼用・UV日傘【顧客満足度No.1獲得商品🥇】【全国送料無料🚗】,498000
9036053348594,UV歯ブラシ除菌器,7,9035423678706,【本日終了⏰】【累計15万台突破🏆】LOOTY 癒しの指圧マット【顧客満足度No.1獲得商品🥇】【全国送料無料🚗】,598000
9036053348594,UV歯ブラシ除菌器,8,9101154353394,【本日終了⏰】【累計15万台突破🏆】LOOTY 4WAY 取り付けOK 小型瞬間冷却ハンディファン【顧客満足度No.1獲得商品🥇】【全国送料無料🚗】,498000
9036053348594,UV歯ブラシ除菌器,9,9165019480306,【本日終了⏰】【累計15万台突破🏆】LOOTY 瞬間冷感ポンチョ【顧客満足度No.1獲得商品🥇】【全国送料無料🚗】,398000
9036053348594,UV歯ブラシ除菌器,10,9083813888242,【本日終了⏰】【累計15万台突破🏆】LOOTY接触冷感UVパーカー【顧客満足度No.1獲得商品🥇】【全国送料無料🚗】,498000
9094571557106,リカバリーサンダル,1,9012820967666,【本日終了⏰】【累計15万台突破🏆】LOOTYバランスケアスリッパ【顧客満足度No.1獲得商品🥇】【全国送料無料🚗】,498000
9094571557106,リカバリーサンダル,2,9011173589234,【本日終了⏰】【累計15万台突破🏆】LOOTY健康サンダル【顧客満足度No.1獲得商品🥇】【全国送料無料🚗】,498000
9094571557106,リカバリーサンダル,3,9133240844530,【本日終了⏰】【累計15万台突破🏆】LOOTY 害虫ブロッカー【顧客満足度No.1獲得商品🥇】【全国送料無料🚗】,398000
9094571557106,リカバリーサンダル,4,9035423678706,【本日終了⏰】【累計15万台突破🏆】LOOTY 癒しの指圧マット【顧客満足度No.1獲得商品🥇】【全国送料無料🚗】,598000
9094571557106,リカバリーサンダル,5,9055404097778,【本日終了⏰】【累計15万台突破🏆】LOOTY 完全遮光・形状記憶・晴雨兼用・UV日傘【顧客満足度No.1獲得商品🥇】【全国送料無料🚗】,498000
9094571557106,リカバリーサンダル,6,9092560912626,【本日終了⏰】【累計15万台突破🏆】LOOTY スタイルアップインナー【顧客満足度No.1獲得商品🥇】【全国送料無料🚗】,398000
9094571557106,リカバリーサンダル,7,9056544817394,【本日終了⏰】【累計15万台突破🏆】LOOTY ナノガラス脱毛パッド【顧客満足度No.1獲得商品🥇】【全国送料無料🚗】,398000
9094571557106,リカバリーサンダル,8,9165019480306,【本日終了⏰】【累計15万台突破🏆】LOOTY 瞬間冷感ポンチョ【顧客満足度No.1獲得商品🥇】【全国送料無料🚗】,398000
9094571557106,リカバリーサンダル,9,9027409084658,【本日終了⏰】【累計15万台突破🏆】LOOTY 姿勢サポートベルト【顧客満足度No.1獲得商品🥇】【全国送料無料🚗】,598000
9094571557106,リカバリーサンダル,10,9039335522546,【本日終了⏰】【累計15万台突破🏆】LOOTY 瞬間冷却ハンディファン【顧客満足度No.1獲得商品🥇】【全国送料無料🚗】,598000
9004929843442,ネックマッサージャー,1,9056544817394,【本日終了⏰】【累計15万台突破🏆】LOOTY ナノガラス脱毛パッド【顧客満足度No.1獲得商品🥇】【全国送料無料🚗】,398000
9004929843442,ネックマッサージャー,2,9035423678706,【本日終了⏰】【累計15万台突破🏆】LOOTY 癒しの指圧マット【顧客満足度No.1獲得商品🥇】【全国送料無料🚗】,598000
9004929843442,ネックマッサージャー,3,9012820967666,【本日終了⏰】【累計15万台突破🏆】LOOTYバランスケアスリッパ【顧客満足度No.1獲得商品🥇】【全国送料無料🚗】,498000
9004929843442,ネックマッサージャー,4,9027409084658,【本日終了⏰】【累計15万台突破🏆】LOOTY 姿勢サポートベルト【顧客満足度No.1獲得商品🥇】【全国送料無料🚗】,598000
9004929843442,ネックマッサージャー,5,9094571557106,【本日終了⏰】【累計15万台突破🏆】LOOTY リカバリーサンダル 【顧客満足度No.1獲得商品🥇】【全国送料無料🚗】,398000
9004929843442,ネックマッサージャー,6,9028960616690,【本日終了⏰】【累計15万台突破🏆】LOOTY ジェットウォッシャー【顧客満足度No.1獲得商品🥇】【全国送料無料🚗】,498000
9004929843442,ネックマッサージャー,7,9011173589234,【本日終了⏰】【累計15万台突破🏆】LOOTY健康サンダル【顧客満足度No.1獲得商品🥇】【全国送料無料🚗】,498000
9004929843442,ネックマッサージャー,8,9143404429554,【本日終了⏰】【累計15万台突破🏆】LOOTY スマートノーズEMS美顔器【顧客満足度No.1獲得商品🥇】【全国送料無料🚗】,598000
9004929843442,ネックマッサージャー,9,9092560912626,【本日終了⏰】【累計15万台突破🏆】LOOTY スタイルアップインナー【顧客満足度No.1獲得商品🥇】【全国送料無料🚗】,398000
9004929843442,ネックマッサージャー,10,9167060828402,【本日終了⏰】【累計15万台突破🏆】LOOTY 卓上冷感クーラー【顧客満足度No.1獲得商品🥇】【全国送料無料🚗】,598000
8980331987186,ナノバブルシャワーヘッド,1,8999289651442,【本日終了⏰】【累計15万台突破🏆】LOOTY壁掛けディスペンサー【顧客満足度No.1獲得商品🥇】【全国送料無料🚗】,698000
8980331987186,ナノバブルシャワーヘッド,2,9028960616690,【本日終了⏰】【累計15万台突破🏆】LOOTY ジェットウォッシャー【顧客満足度No.1獲得商品🥇】【全国送料無料🚗】,498000
8980331987186,ナノバブルシャワーヘッド,3,9150222172402,【本日終了⏰】【累計15万台突破🏆】LOOTY 携帯電動シェーバー【顧客満足度No.1獲得商品🥇】【全国送料無料🚗】,498000
8980331987186,ナノバブルシャワーヘッド,4,9056544817394,【本日終了⏰】【累計15万台突破🏆】LOOTY ナノガラス脱毛パッド【顧客満足度No.1獲得商品🥇】【全国送料無料🚗】,398000
8980331987186,ナノバブルシャワーヘッド,5,9036053348594,【本日終了⏰】【累計15万台突破🏆】LOOTY UV歯ブラシ除菌器【顧客満足度No.1獲得商品🥇】【全国送料無料🚗】,898000
8980331987186,ナノバブルシャワーヘッド,6,9161440428274,【本日終了⏰】【累計15万台突破🏆】LOOTY ムダ毛シェーバー【顧客満足度No.1獲得商品🥇】【全国送料無料🚗】,698000
8980331987186,ナノバブルシャワーヘッド,7,9133240844530,【本日終了⏰】【累計15万台突破🏆】LOOTY 害虫ブロッカー【顧客満足度No.1獲得商品🥇】【全国送料無料🚗】,398000
8980331987186,ナノバブルシャワーヘッド,8,9004929843442,【本日終了⏰】【累計15万台突破🏆】LOOTYネックマッサージャー【顧客満足度No.1獲得商品🥇】【全国送料無料🚗】,998000
8980331987186,ナノバブルシャワーヘッド,9,9030597509362,【本日終了⏰】【累計15万台突破🏆】LOOTY 形状記憶日傘【顧客満足度No.1獲得商品🥇】【全国送料無料🚗】,498000
8980331987186,ナノバブルシャワーヘッド,10,9143404429554,【本日終了⏰】【累計15万台突破🏆】LOOTY スマートノーズEMS美顔器【顧客満足度No.1獲得商品🥇】【全国送料無料🚗】,598000
9027409084658,姿勢サポートベルト,1,9035423678706,【本日終了⏰】【累計15万台突破🏆】LOOTY 癒しの指圧マット【顧客満足度No.1獲得商品🥇】【全国送料無料🚗】,598000
9027409084658,姿勢サポートベルト,2,9012820967666,【本日終了⏰】【累計15万台突破🏆】LOOTYバランスケアスリッパ【顧客満足度No.1獲得商品🥇】【全国送料無料🚗】,498000
9027409084658,姿勢サポートベルト,3,9092560912626,【本日終了⏰】【累計15万台突破🏆】LOOTY スタイルアップインナー【顧客満足度No.1獲得商品🥇】【全国送料無料🚗】,398000
9027409084658,姿勢サポートベルト,4,9027377168626,【本日終了⏰】【累計15万台突破🏆】LOTTY 姿勢サポートチェア【顧客満足度No.1獲得商品🥇】【全国送料無料🚗】,598000
9027409084658,姿勢サポートベルト,5,9004929843442,【本日終了⏰】【累計15万台突破🏆】LOOTYネックマッサージャー【顧客満足度No.1獲得商品🥇】【全国送料無料🚗】,998000
9027409084658,姿勢サポートベルト,6,9094571557106,【本日終了⏰】【累計15万台突破🏆】LOOTY リカバリーサンダル 【顧客満足度No.1獲得商品🥇】【全国送料無料🚗】,398000
9027409084658,姿勢サポートベルト,7,9011173589234,【本日終了⏰】【累計15万台突破🏆】LOOTY健康サンダル【顧客満足度No.1獲得商品🥇】【全国送料無料🚗】,498000
9027409084658,姿勢サポートベルト,8,9165019480306,【本日終了⏰】【累計15万台突破🏆】LOOTY 瞬間冷感ポンチョ【顧客満足度No.1獲得商品🥇】【全国送料無料🚗】,398000
9027409084658,姿勢サポートベルト,9,9030597509362,【本日終了⏰】【累計15万台突破🏆】LOOTY 形状記憶日傘【顧客満足度No.1獲得商品🥇】【全国送料無料🚗】,498000
9027409084658,姿勢サポートベルト,10,9143404429554,【本日終了⏰】【累計15万台突破🏆】LOOTY スマートノーズEMS美顔器【顧客満足度No.1獲得商品🥇】【全国送料無料🚗】,598000
9035423678706,癒しの指圧マット,1,9030597509362,【本日終了⏰】【累計15万台突破🏆】LOOTY 形状記憶日傘【顧客満足度No.1獲得商品🥇】【全国送料無料🚗】,498000
9035423678706,癒しの指圧マット,2,9011173589234,【本日終了⏰】【累計15万台突破🏆】LOOTY健康サンダル【顧客満足度No.1獲得商品🥇】【全国送料無料🚗】,498000
9035423678706,癒しの指圧マット,3,9012820967666,【本日終了⏰】【累計15万台突破🏆】LOOTYバランスケアスリッパ【顧客満足度No.1獲得商品🥇】【全国送料無料🚗】,498000
9035423678706,癒しの指圧マット,4,9004929843442,【本日終了⏰】【累計15万台突破🏆】LOOTYネックマッサージャー【顧客満足度No.1獲得商品🥇】【全国送料無料🚗】,998000
9035423678706,癒しの指圧マット,5,9027409084658,【本日終了⏰】【累計15万台突破🏆】LOOTY 姿勢サポートベルト【顧客満足度No.1獲得商品🥇】【全国送料無料🚗】,598000
9035423678706,癒しの指圧マット,6,9094571557106,【本日終了⏰】【累計15万台突破🏆】LOOTY リカバリーサンダル 【顧客満足度No.1獲得商品🥇】【全国送料無料🚗】,398000
9035423678706,癒しの指圧マット,7,9092560912626,【本日終了⏰】【累計15万台突破🏆】LOOTY スタイルアップインナー【顧客満足度No.1獲得商品🥇】【全国送料無料🚗】,398000
9035423678706,癒しの指圧マット,8,9167060828402,【本日終了⏰】【累計15万台突破🏆】LOOTY 卓上冷感クーラー【顧客満足度No.1獲得商品🥇】【全国送料無料🚗】,598000
9035423678706,癒しの指圧マット,9,9165019480306,【本日終了⏰】【累計15万台突破🏆】LOOTY 瞬間冷感ポンチョ【顧客満足度No.1獲得商品🥇】【全国送料無料🚗】,398000
9035423678706,癒しの指圧マット,10,9028960616690,【本日終了⏰】【累計15万台突破🏆】LOOTY ジェットウォッシャー【顧客満足度No.1獲得商品🥇】【全国送料無料🚗】,498000
9143404429554,スマートノーズEMS美顔器,1,9101154353394,【本日終了⏰】【累計15万台突破🏆】LOOTY 4WAY 取り付けOK 小型瞬間冷却ハンディファン【顧客満足度No.1獲得商品🥇】【全国送料無料🚗】,498000
9143404429554,スマートノーズEMS美顔器,2,9092560912626,【本日終了⏰】【累計15万台突破🏆】LOOTY スタイルアップインナー【顧客満足度No.1獲得商品🥇】【全国送料無料🚗】,398000
9143404429554,スマートノーズEMS美顔器,3,9004929843442,【本日終了⏰】【累計15万台突破🏆】LOOTYネックマッサージャー【顧客満足度No.1獲得商品🥇】【全国送料無料🚗】,998000
9143404429554,スマートノーズEMS美顔器,4,9035423678706,【本日終了⏰】【累計15万台突破🏆】LOOTY 癒しの指圧マット【顧客満足度No.1獲得商品🥇】【全国送料無料🚗】,598000
9143404429554,スマートノーズEMS美顔器,5,9167060828402,【本日終了⏰】【累計15万台突破🏆】LOOTY 卓上冷感クーラー【顧客満足度No.1獲得商品🥇】【全国送料無料🚗】,598000
9143404429554,スマートノーズEMS美顔器,6,9103526691058,【本日終了⏰】【累計15万台突破🏆】LOOTY 偏光・調光サングラス【顧客満足度No.1獲得商品🥇】【全国送料無料🚗】,398000
9143404429554,スマートノーズEMS美顔器,7,9028960616690,【本日終了⏰】【累計15万台突破🏆】LOOTY ジェットウォッシャー【顧客満足度No.1獲得商品🥇】【全国送料無料🚗】,498000
9143404429554,スマートノーズEMS美顔器,8,9027409084658,【本日終了⏰】【累計15万台突破🏆】LOOTY 姿勢サポートベルト【顧客満足度No.1獲得商品🥇】【全国送料無料🚗】,598000
9143404429554,スマートノーズEMS美顔器,9,9056544817394,【本日終了⏰】【累計15万台突破🏆】LOOTY ナノガラス脱毛パッド【顧客満足度No.1獲得商品🥇】【全国送料無料🚗】,398000
9143404429554,スマートノーズEMS美顔器,10,9012820967666,【本日終了⏰】【累計15万台突破🏆】LOOTYバランスケアスリッパ【顧客満足度No.1獲得商品🥇】【全国送料無料🚗】,498000
9028960616690,ジェットウォッシャー,1,9027377168626,【本日終了⏰】【累計15万台突破🏆】LOTTY 姿勢サポートチェア【顧客満足度No.1獲得商品🥇】【全国送料無料🚗】,598000
9028960616690,ジェットウォッシャー,2,9036053348594,【本日終了⏰】【累計15万台突破🏆】LOOTY UV歯ブラシ除菌器【顧客満足度No.1獲得商品🥇】【全国送料無料🚗】,898000
9028960616690,ジェットウォッシャー,3,9103526691058,【本日終了⏰】【累計15万台突破🏆】LOOTY 偏光・調光サングラス【顧客満足度No.1獲得商品🥇】【全国送料無料🚗】,398000
9028960616690,ジェットウォッシャー,4,9035423678706,【本日終了⏰】【累計15万台突破🏆】LOOTY 癒しの指圧マット【顧客満足度No.1獲得商品🥇】【全国送料無料🚗】,598000
9028960616690,ジェットウォッシャー,5,9056544817394,【本日終了⏰】【累計15万台突破🏆】LOOTY ナノガラス脱毛パッド【顧客満足度No.1獲得商品🥇】【全国送料無料🚗】,398000
9028960616690,ジェットウォッシャー,6,9004929843442,【本日終了⏰】【累計15万台突破🏆】LOOTYネックマッサージャー【顧客満足度No.1獲得商品🥇】【全国送料無料🚗】,998000
9028960616690,ジェットウォッシャー,7,9092560912626,【本日終了⏰】【累計15万台突破🏆】LOOTY スタイルアップインナー【顧客満足度No.1獲得商品🥇】【全国送料無料🚗】,398000
9028960616690,ジェットウォッシャー,8,9012820967666,【本日終了⏰】【累計15万台突破🏆】LOOTYバランスケアスリッパ【顧客満足度No.1獲得商品🥇】【全国送料無料🚗】,498000
9028960616690,ジェットウォッシャー,9,9094571557106,【本日終了⏰】【累計15万台突破🏆】LOOTY リカバリーサンダル 【顧客満足度No.1獲得商品🥇】【全国送料無料🚗】,398000
9028960616690,ジェットウォッシャー,10,9011173589234,【本日終了⏰】【累計15万台突破🏆】LOOTY健康サンダル【顧客満足度No.1獲得商品🥇】【全国送料無料🚗】,498000
9149121757426,湯上がりガーゼワンピース,1,9151620776178,【本日終了⏰】【累計15万台突破🏆】LOOTY 接触冷感UVアームカバー【顧客満足度No.1獲得商品🥇】【全国送料無料🚗】,398000
9149121757426,湯上がりガーゼワンピース,2,9165019480306,【本日終了⏰】【累計15万台突破🏆】LOOTY 瞬間冷感ポンチョ【顧客満足度No.1獲得商品🥇】【全国送料無料🚗】,398000
9149121757426,湯上がりガーゼワンピース,3,9011173589234,【本日終了⏰】【累計15万台突破🏆】LOOTY健康サンダル【顧客満足度No.1獲得商品🥇】【全国送料無料🚗】,498000
9149121757426,湯上がりガーゼワンピース,4,9131201102066,【本日終了⏰】【累計15万台突破🏆】LOOTY 完全遮光・接触冷感UVハット【顧客満足度No.1獲得商品🥇】【全国送料無料🚗】,498000
9149121757426,湯上がりガーゼワンピース,5,9055404097778,【本日終了⏰】【累計15万台突破🏆】LOOTY 完全遮光・形状記憶・晴雨兼用・UV日傘【顧客満足度No.1獲得商品🥇】【全国送料無料🚗】,498000
9149121757426,湯上がりガーゼワンピース,6,9039335522546,【本日終了⏰】【累計15万台突破🏆】LOOTY 瞬間冷却ハンディファン【顧客満足度No.1獲得商品🥇】【全国送料無料🚗】,598000
9149121757426,湯上がりガーゼワンピース,7,9167060828402,【本日終了⏰】【累計15万台突破🏆】LOOTY 卓上冷感クーラー【顧客満足度No.1獲得商品🥇】【全国送料無料🚗】,598000
9149121757426,湯上がりガーゼワンピース,8,9035423678706,【本日終了⏰】【累計15万台突破🏆】LOOTY 癒しの指圧マット【顧客満足度No.1獲得商品🥇】【全国送料無料🚗】,598000
9149121757426,湯上がりガーゼワンピース,9,9083813888242,【本日終了⏰】【累計15万台突破🏆】LOOTY接触冷感UVパーカー【顧客満足度No.1獲得商品🥇】【全国送料無料🚗】,498000
9149121757426,湯上がりガーゼワンピース,10,9028960616690,【本日終了⏰】【累計15万台突破🏆】LOOTY ジェットウォッシャー【顧客満足度No.1獲得商品🥇】【全国送料無料🚗】,498000
9092560912626,スタイルアップインナー,1,9012820967666,【本日終了⏰】【累計15万台突破🏆】LOOTYバランスケアスリッパ【顧客満足度No.1獲得商品🥇】【全国送料無料🚗】,498000
9092560912626,スタイルアップインナー,2,9035423678706,【本日終了⏰】【累計15万台突破🏆】LOOTY 癒しの指圧マット【顧客満足度No.1獲得商品🥇】【全国送料無料🚗】,598000
9092560912626,スタイルアップインナー,3,9027409084658,【本日終了⏰】【累計15万台突破🏆】LOOTY 姿勢サポートベルト【顧客満足度No.1獲得商品🥇】【全国送料無料🚗】,598000
9092560912626,スタイルアップインナー,4,9165019480306,【本日終了⏰】【累計15万台突破🏆】LOOTY 瞬間冷感ポンチョ【顧客満足度No.1獲得商品🥇】【全国送料無料🚗】,398000
9092560912626,スタイルアップインナー,5,9094571557106,【本日終了⏰】【累計15万台突破🏆】LOOTY リカバリーサンダル 【顧客満足度No.1獲得商品🥇】【全国送料無料🚗】,398000
9092560912626,スタイルアップインナー,6,9011173589234,【本日終了⏰】【累計15万台突破🏆】LOOTY健康サンダル【顧客満足度No.1獲得商品🥇】【全国送料無料🚗】,498000
9092560912626,スタイルアップインナー,7,9030597509362,【本日終了⏰】【累計15万台突破🏆】LOOTY 形状記憶日傘【顧客満足度No.1獲得商品🥇】【全国送料無料🚗】,498000
9092560912626,スタイルアップインナー,8,9027377168626,【本日終了⏰】【累計15万台突破🏆】LOTTY 姿勢サポートチェア【顧客満足度No.1獲得商品🥇】【全国送料無料🚗】,598000
9092560912626,スタイルアップインナー,9,9167060828402,【本日終了⏰】【累計15万台突破🏆】LOOTY 卓上冷感クーラー【顧客満足度No.1獲得商品🥇】【全国送料無料🚗】,598000
9092560912626,スタイルアップインナー,10,9055404097778,【本日終了⏰】【累計15万台突破🏆】LOOTY 完全遮光・形状記憶・晴雨兼用・UV日傘【顧客満足度No.1獲得商品🥇】【全国送料無料🚗】,498000
9005744095474,オートソープディスペンサー,1,8999289651442,【本日終了⏰】【累計15万台突破🏆】LOOTY壁掛けディスペンサー【顧客満足度No.1獲得商品🥇】【全国送料無料🚗】,698000
9005744095474,オートソープディスペンサー,2,9036053348594,【本日終了⏰】【累計15万台突破🏆】LOOTY UV歯ブラシ除菌器【顧客満足度No.1獲得商品🥇】【全国送料無料🚗】,898000
9005744095474,オートソープディスペンサー,3,9133240844530,【本日終了⏰】【累計15万台突破🏆】LOOTY 害虫ブロッカー【顧客満足度No.1獲得商品🥇】【全国送料無料🚗】,398000
9005744095474,オートソープディスペンサー,4,9035423678706,【本日終了⏰】【累計15万台突破🏆】LOOTY 癒しの指圧マット【顧客満足度No.1獲得商品🥇】【全国送料無料🚗】,598000
9005744095474,オートソープディスペンサー,5,9165019480306,【本日終了⏰】【累計15万台突破🏆】LOOTY 瞬間冷感ポンチョ【顧客満足度No.1獲得商品🥇】【全国送料無料🚗】,398000
9005744095474,オートソープディスペンサー,6,9012820967666,【本日終了⏰】【累計15万台突破🏆】LOOTYバランスケアスリッパ【顧客満足度No.1獲得商品🥇】【全国送料無料🚗】,498000
9005744095474,オートソープディスペンサー,7,9028960616690,【本日終了⏰】【累計15万台突破🏆】LOOTY ジェットウォッシャー【顧客満足度No.1獲得商品🥇】【全国送料無料🚗】,498000
9005744095474,オートソープディスペンサー,8,9167060828402,【本日終了⏰】【累計15万台突破🏆】LOOTY 卓上冷感クーラー【顧客満足度No.1獲得商品🥇】【全国送料無料🚗】,598000
9005744095474,オートソープディスペンサー,9,9150222172402,【本日終了⏰】【累計15万台突破🏆】LOOTY 携帯電動シェーバー【顧客満足度No.1獲得商品🥇】【全国送料無料🚗】,498000
9005744095474,オートソープディスペンサー,10,9011173589234,【本日終了⏰】【累計15万台突破🏆】LOOTY健康サンダル【顧客満足度No.1獲得商品🥇】【全国送料無料🚗】,498000
8921571492082,保温プレート,1,9167060828402,【本日終了⏰】【累計15万台突破🏆】LOOTY 卓上冷感クーラー【顧客満足度No.1獲得商品🥇】【全国送料無料🚗】,598000
8921571492082,保温プレート,2,9165019480306,【本日終了⏰】【累計15万台突破🏆】LOOTY 瞬間冷感ポンチョ【顧客満足度No.1獲得商品🥇】【全国送料無料🚗】,398000
8921571492082,保温プレート,3,9039335522546,【本日終了⏰】【累計15万台突破🏆】LOOTY 瞬間冷却ハンディファン【顧客満足度No.1獲得商品🥇】【全国送料無料🚗】,598000
8921571492082,保温プレート,4,9101154353394,【本日終了⏰】【累計15万台突破🏆】LOOTY 4WAY 取り付けOK 小型瞬間冷却ハンディファン【顧客満足度No.1獲得商品🥇】【全国送料無料🚗】,498000
8921571492082,保温プレート,5,9131201102066,【本日終了⏰】【累計15万台突破🏆】LOOTY 完全遮光・接触冷感UVハット【顧客満足度No.1獲得商品🥇】【全国送料無料🚗】,498000
8921571492082,保温プレート,6,9151620776178,【本日終了⏰】【累計15万台突破🏆】LOOTY 接触冷感UVアームカバー【顧客満足度No.1獲得商品🥇】【全国送料無料🚗】,398000
8921571492082,保温プレート,7,9035423678706,【本日終了⏰】【累計15万台突破🏆】LOOTY 癒しの指圧マット【顧客満足度No.1獲得商品🥇】【全国送料無料🚗】,598000
8921571492082,保温プレート,8,9030597509362,【本日終了⏰】【累計15万台突破🏆】LOOTY 形状記憶日傘【顧客満足度No.1獲得商品🥇】【全国送料無料🚗】,498000
8921571492082,保温プレート,9,9055404097778,【本日終了⏰】【累計15万台突破🏆】LOOTY 完全遮光・形状記憶・晴雨兼用・UV日傘【顧客満足度No.1獲得商品🥇】【全国送料無料🚗】,498000
8921571492082,保温プレート,10,9092560912626,【本日終了⏰】【累計15万台突破🏆】LOOTY スタイルアップインナー【顧客満足度No.1獲得商品🥇】【全国送料無料🚗】,398000
9039335522546,瞬間冷却ハンディファン,1,9165019480306,【本日終了⏰】【累計15万台突破🏆】LOOTY 瞬間冷感ポンチョ【顧客満足度No.1獲得商品🥇】【全国送料無料🚗】,398000
9039335522546,瞬間冷却ハンディファン,2,9101154353394,【本日終了⏰】【累計15万台突破🏆】LOOTY 4WAY 取り付けOK 小型瞬間冷却ハンディファン【顧客満足度No.1獲得商品🥇】【全国送料無料🚗】,498000
9039335522546,瞬間冷却ハンディファン,3,9030597509362,【本日終了⏰】【累計15万台突破🏆】LOOTY 形状記憶日傘【顧客満足度No.1獲得商品🥇】【全国送料無料🚗】,498000
9039335522546,瞬間冷却ハンディファン,4,9167060828402,【本日終了⏰】【累計15万台突破🏆】LOOTY 卓上冷感クーラー【顧客満足度No.1獲得商品🥇】【全国送料無料🚗】,598000
9039335522546,瞬間冷却ハンディファン,5,9098533404914,【本日終了⏰】【累計15万台突破🏆】LOOTY 3WAYサーキュレーター扇風機【顧客満足度No.1獲得商品🥇】【全国送料無料🚗】,698000
9039335522546,瞬間冷却ハンディファン,6,8921571492082,【本日終了⏰】【累計15万台突破🏆】LOOTY保温プレート【顧客満足度No.1獲得商品🥇】【全国送料無料🚗】,899000
9039335522546,瞬間冷却ハンディファン,7,9151620776178,【本日終了⏰】【累計15万台突破🏆】LOOTY 接触冷感UVアームカバー【顧客満足度No.1獲得商品🥇】【全国送料無料🚗】,398000
9039335522546,瞬間冷却ハンディファン,8,9094571557106,【本日終了⏰】【累計15万台突破🏆】LOOTY リカバリーサンダル 【顧客満足度No.1獲得商品🥇】【全国送料無料🚗】,398000
9039335522546,瞬間冷却ハンディファン,9,9083813888242,【本日終了⏰】【累計15万台突破🏆】LOOTY接触冷感UVパーカー【顧客満足度No.1獲得商品🥇】【全国送料無料🚗】,498000
9039335522546,瞬間冷却ハンディファン,10,9035423678706,【本日終了⏰】【累計15万台突破🏆】LOOTY 癒しの指圧マット【顧客満足度No.1獲得商品🥇】【全国送料無料🚗】,598000
